name,avg_xG,avg_xA,avg_xGC,avg_I,avg_C,avg_T,avg_ICT,fixture_difficulty,is_home,form
Cédric Soares,0.00618698401376605,0.024877600371837616,0.7826909999999999,3.75,2.525,0.5,0.675,4,1,1.5
Alexandre Lacazette,0.5753289824351668,0.30198492854833603,0.7826909999999999,20.7,22.45,42.25,8.55,4,1,5.0
Granit Xhaka,0.018406473100185394,0.21393471956253052,0.7826909999999999,7.95,10.774999999999999,0.5,1.9249999999999998,4,1,1.25
Mohamed Naser El Sayed Elneny,0.003891529282554984,0.01082506775856018,0.7826909999999999,1.0,0.275,0.0,0.125,4,1,0.5
Rob Holding,0.011387490667402744,0.0,0.7826909999999999,14.6,0.625,1.5,1.6749999999999998,4,1,3.25
Thomas Partey,0.07486751861870289,0.03351648524403572,0.7826909999999999,11.5,6.85,10.75,2.925,4,1,1.5
Kieran Tierney,0.0483370590955019,0.039991673082113266,0.7826909999999999,22.5,11.575,13.5,4.7749999999999995,4,1,7.75
Nicolas Pépé,0.06615319848060608,0.0,0.7826909999999999,0.05,0.3,4.5,0.475,4,1,1.0
Edward Nketiah,0.12118902802467346,0.06673439592123032,0.7826909999999999,0.25,0.425,1.0,0.175,4,1,0.5
Emile Smith Rowe,0.22498904541134834,0.12037015706300735,0.7826909999999999,12.2,7.9,19.0,3.9,4,1,2.75
Bukayo Saka,0.14133848249912262,0.24654067773371935,0.7826909999999999,28.8,20.325,31.0,8.025,4,1,7.0
Gabriel Magalhães,0.2549863001331687,0.02894267812371254,0.7826909999999999,22.0,6.475,20.0,4.85,4,1,5.75
Ben White,0.030320864636451006,0.03957148315384984,0.7826909999999999,21.049999999999997,8.524999999999999,8.0,3.7499999999999996,4,1,5.5
Nuno Varela Tavares,0.010058904066681862,0.006704769562929869,0.7826909999999999,0.0,0.0,0.0,0.0,4,1,0.0
Albert Sambi Lokonga,0.0109680718742311,0.12575486674904823,0.7826909999999999,3.15,3.75,2.0,0.9,4,1,0.75
Martin Ødegaard,0.09444116428494453,0.12438246794044971,0.7826909999999999,19.5,31.049999999999997,13.75,6.4,4,1,4.25
Aaron Ramsdale,0.0,0.0,0.7826909999999999,16.45,0.25,0.0,1.6749999999999998,4,1,6.0
Arthur Okonkwo,FAIL,FAIL,FAIL,0.0,0.0,0.0,0.0,4,1,0.0
Charlie Patino,FAIL,FAIL,FAIL,0.0,0.0,0.0,0.0,4,1,0.0
Omari Hutchinson,FAIL,FAIL,FAIL,0.0,0.0,0.0,0.0,4,1,0.0
Salah-Eddine Oulad M'hand,FAIL,FAIL,FAIL,0.0,0.0,0.0,0.0,4,1,0.0
Mika Biereth,FAIL,FAIL,FAIL,0.0,0.0,0.0,0.0,4,1,0.0
Zach Awe,FAIL,FAIL,FAIL,0.0,0.0,0.0,0.0,4,1,0.0
Calum Chambers,0.015448087826371193,0.013890262693166733,1.41222275,4.5,0.25,1.0,0.575,1,1,0.75
Emiliano Martínez,0.0,0.0,1.41222275,17.35,0.0,0.0,1.725,1,1,2.75
Morgan Sanson,0.002952639479190111,0.0,1.41222275,1.15,2.325,0.0,0.35,1,1,0.5
John McGinn,0.014649743679910898,0.1258298046886921,1.41222275,14.600000000000001,4.5,2.0,2.1,1,1,1.5
Kortney Hause,0.0021014262456446886,0.0,1.41222275,3.9,0.925,4.25,0.9,1,1,0.5
Tyrone Mings,0.06400277838110924,0.16290125530213118,1.41222275,21.5,9.149999999999999,7.25,3.7749999999999995,1,1,2.5
Ollie Watkins,0.19620977388694882,0.01698514260351658,1.41222275,3.4000000000000004,11.0,13.25,2.7,1,1,2.0
Emiliano Buendía Stati,0.15376165509223938,0.06619294919073582,1.41222275,24.700000000000003,17.45,27.5,6.95,1,1,3.75
Matthew Cash,0.05193416588008404,0.05000248085707426,1.41222275,21.749999999999996,17.700000000000003,11.5,5.1,1,1,2.75
Douglas Luiz Soares de Paulo,0.021664335392415524,0.05905492976307869,1.41222275,13.450000000000001,17.275,2.0,3.2750000000000004,1,1,2.0
Jacob Ramsey,0.3152981325984001,0.17328000627458096,1.41222275,41.95,8.175,19.0,6.925,1,1,7.5
Ashley Young,0.05810541845858097,0.006996859330683947,1.41222275,0.25,2.575,0.0,0.275,1,1,0.25
Lucas Digne,0.05433211661875248,0.17476113140583038,1.41222275,18.85,25.599999999999998,9.75,5.425,1,1,3.75
Danny Ings,0.1895137745887041,0.01400313712656498,1.41222275,1.35,0.85,2.5,0.475,1,1,0.75
Leon Bailey,0.15981680992990732,0.02189444936811924,1.41222275,0.0,0.075,0.0,0.0,1,1,0.0
Carney Chukwuemeka,0.0092232134193182,0.0,1.41222275,1.35,0.725,3.0,0.525,1,1,1.0
Viljami Sinisalo,FAIL,FAIL,FAIL,0.0,0.0,0.0,0.0,1,1,0.0
Lamare Bogarde,FAIL,FAIL,FAIL,0.0,0.0,0.0,0.0,1,1,0.0
Tim Iroegbunam,FAIL,FAIL,FAIL,0.0,0.0,0.0,0.0,1,1,0.0
Josh Feeney,FAIL,FAIL,FAIL,0.0,0.0,0.0,0.0,1,1,0.0
Philippe Coutinho Correia,FAIL,FAIL,FAIL,30.0,15.725,25.0,7.075,1,1,6.75
Kaine Hayden,FAIL,FAIL,FAIL,0.0,0.0,0.0,0.0,1,1,0.0
Robin Olsen,FAIL,FAIL,FAIL,0.0,0.0,0.0,0.0,1,1,0.0
Benjamin Chrisene,FAIL,FAIL,FAIL,0.0,0.0,0.0,0.0,1,1,0.0
Pontus Jansson,0.019511908292770386,0.0,1.18959525,18.15,0.4,10.75,2.95,8,0,2.25
Christian Nørgaard,0.0933434464968741,0.17222639452666044,1.18959525,19.2,13.1,6.25,3.875,8,0,2.75
David Raya Martin,0.0,0.0,1.18959525,13.55,0.0,0.0,1.35,8,0,3.0
Sergi Canós,0.17868850380182266,0.10635961592197418,1.18959525,8.55,6.925,5.75,2.125,8,0,2.0
Pelenda Joshua Dasilva,FAIL,FAIL,FAIL,1.35,0.325,1.0,0.275,8,0,0.5
Rico Henry,0.07937624491751194,0.013754730112850666,1.18959525,7.9,4.8,8.5,2.125,8,0,2.25
Vitaly Janelt,0.061275569489225745,0.02632094919681549,1.18959525,6.550000000000001,7.425,16.25,2.975,8,0,1.75
Saman Ghoddos,0.0,0.07666389737278223,1.18959525,2.7,7.2250000000000005,0.0,1.0,8,0,1.0
Mathias Jensen,0.2540852380916476,0.3434683419764042,1.18959525,15.25,22.674999999999997,15.0,5.275,8,0,2.0
Mads Roerslev Rasmussen,0.008160850033164024,0.024308616993948817,1.18959525,3.6,4.5,2.0,1.025,8,0,0.75
Mads Bech Sørensen,0.014670130796730518,0.03333882475271821,1.18959525,5.15,3.825,5.0,1.4,8,0,0.25
Ethan Pinnock,0.05326182581484318,0.0,1.18959525,22.5,2.15,24.5,4.925,8,0,2.5
Bryan Mbeumo,0.12151075340807438,0.19993114238604903,1.18959525,12.25,22.075,11.75,4.6,8,0,2.75
Frank Onyeka,0.07631856016814709,0.0033325727563351393,1.18959525,2.85,0.15,8.75,1.175,8,0,0.5
Kristoffer Ajer,0.01356592494994402,0.025369983166456223,1.18959525,9.0,1.9,7.0,1.8,8,0,2.0
Shandon Baptiste,0.0,0.017835235223174095,1.18959525,3.4499999999999997,3.575,0.5,0.775,8,0,0.75
Yoane Wissa,0.22102752840146422,0.0,1.18959525,0.6000000000000001,0.7,9.0,0.8750000000000001,8,0,1.5
Álvaro Fernández,0.0,0.0,1.18959525,0.0,0.0,0.0,0.0,8,0,0.0
Finley Stevens,0.0,0.028888171538710594,1.18959525,0.0,0.0,0.0,0.0,8,0,0.0
Paris Maghoma,FAIL,FAIL,FAIL,0.0,0.0,0.0,0.0,8,0,0.0
Matthew Cox,FAIL,FAIL,FAIL,0.0,0.0,0.0,0.0,8,0,0.0
Maxwell Haygarth,FAIL,FAIL,FAIL,0.0,0.0,0.0,0.0,8,0,0.0
Nathan Young-Coombes,FAIL,FAIL,FAIL,0.0,0.0,0.0,0.0,8,0,0.0
Myles Peart-Harris,FAIL,FAIL,FAIL,0.0,0.0,0.0,0.0,8,0,0.0
Jonas Lössl,0.0,0.0,1.18959525,3.85,0.0,0.0,0.4,8,0,0.5
Adam Lallana,0.06255576992407441,0.029453754890710115,1.39128075,4.35,3.825,0.5,0.875,1,1,0.75
Jason Steele,FAIL,FAIL,FAIL,0.0,0.0,0.0,0.0,1,1,0.0
Pascal Groß,0.10683963913470507,0.15711026266217232,1.39128075,10.5,21.725,6.75,3.925,1,1,2.0
Shane Duffy,0.010423767380416393,0.01026231236755848,1.39128075,0.0,0.0,0.0,0.0,1,1,0.25
Solomon March,0.012176809832453728,0.13338501937687397,1.39128075,2.35,8.775,1.0,1.225,1,1,0.5
Adam Webster,0.3168967366218567,0.0092264823615551,1.39128075,40.65,3.7500000000000004,22.5,6.7,1,1,7.25
Joël Veltman,0.0,0.20361657068133354,1.39128075,15.950000000000001,12.55,1.5,3.0,1,1,3.0
Neal Maupay,0.10016839858144522,0.0737353265285492,1.39128075,15.8,11.024999999999999,26.25,5.2749999999999995,1,1,3.5
Leandro Trossard,0.20853545516729355,0.0457718619145453,1.39128075,3.5999999999999996,12.474999999999998,20.5,3.6500000000000004,1,1,1.0
Robert Sánchez,0.0,0.0,1.39128075,26.65,0.0,0.0,2.675,1,1,3.5
Yves Bissouma,0.12045914866030216,0.0067423745058476925,1.39128075,9.3,1.3250000000000002,1.25,1.2,1,1,0.75
Tariq Lamptey,0.007437886670231819,0.16627293080091476,1.39128075,16.6,17.0,7.5,4.1,1,1,3.75
Steven Alzate,0.0,0.0,1.39128075,9.6,2.15,0.5,1.225,1,1,1.25
Alexis Mac Allister,0.08591034449636936,0.03608351689763367,1.39128075,18.35,14.475000000000001,18.5,5.1,1,1,2.5
Jakub Moder,0.20047677028924227,0.15190109610557556,1.39128075,14.099999999999998,10.7,27.5,5.25,1,1,2.25
Danny Welbeck,0.2832411527633667,0.026816255412995815,1.39128075,9.450000000000001,6.7250000000000005,17.75,3.35,1,1,3.0
Haydon Roberts,FAIL,FAIL,FAIL,0.0,0.0,0.0,0.0,1,1,0.0
Marc Cucurella,0.029548716265708208,0.030057599302381277,1.39128075,18.6,17.55,6.5,4.2749999999999995,1,1,2.75
Ed Turns,FAIL,FAIL,FAIL,0.0,0.0,0.0,0.0,1,1,0.0
Marc Leonard,FAIL,FAIL,FAIL,0.0,0.0,0.0,0.0,1,1,0.0
Evan Ferguson,FAIL,FAIL,FAIL,0.0,0.0,0.0,0.0,1,1,0.0
Thomas McGill,FAIL,FAIL,FAIL,0.0,0.0,0.0,0.0,1,1,0.0
James Tarkowski,0.008529695682227612,0.04151078127324581,1.5200312500000002,25.55,6.15,8.0,3.9749999999999996,6,0,4.5
Phil Bardsley,FAIL,FAIL,FAIL,0.0,0.0,0.0,0.0,6,0,0.0
Erik Pieters,0.03345716139301658,0.0,1.5200312500000002,22.799999999999997,3.4749999999999996,7.5,3.375,6,0,3.75
Jack Cork,0.0,0.0064689950086176395,1.5200312500000002,0.0,0.0,0.0,0.0,6,0,0.0
Dale Stephens,0.022307194769382477,0.008636255748569965,1.5200312500000002,2.25,3.0,0.25,0.55,6,0,0.5
Kevin Long,FAIL,FAIL,FAIL,0.0,0.0,0.0,0.0,6,0,0.0
Jay Rodriguez,0.25995994196273386,0.12029621982946992,1.5200312500000002,13.4,8.825,12.25,3.425,6,0,3.5
Ashley Barnes,0.04039939492940903,0.0,1.5200312500000002,0.25,0.1,0.0,0.025,6,0,0.5
Ben Mee,0.04815949872136116,0.13827859796583652,1.5200312500000002,19.45,5.425,8.5,3.35,6,0,4.0
Ashley Westwood,0.008907648734748363,0.11450693663209677,1.5200312500000002,10.799999999999999,16.75,1.5,2.9,6,0,2.25
Matthew Lowton,0.002062584040686488,0.13524432480335236,1.5200312500000002,0.0,0.0,0.0,0.0,6,0,0.0
Nick Pope,0.0,0.0,1.5200312500000002,32.9,0.0,0.0,3.3,6,0,6.25
Will Norris,FAIL,FAIL,FAIL,0.0,0.0,0.0,0.0,6,0,0.0
Josh Brownhill,0.0077322376891970634,0.0,1.5200312500000002,12.149999999999999,1.25,3.5,1.7,6,0,1.25
Dwight McNeil,0.046331882709637284,0.054263427387923,1.5200312500000002,12.7,16.375,8.0,3.725,6,0,2.25
Nathan Collins,0.0,0.13749501388520002,1.5200312500000002,0.0,0.0,0.0,0.0,6,0,0.0
Wayne Hennessey,0.0,0.07637932151556015,1.5200312500000002,0.0,0.0,0.0,0.0,6,0,0.0
Lewis Richardson,FAIL,FAIL,FAIL,0.0,0.0,0.0,0.0,6,0,0.0
Bobby Thomas,FAIL,FAIL,FAIL,0.0,0.0,0.0,0.0,6,0,0.0
Owen Dodgson,FAIL,FAIL,FAIL,0.0,0.0,0.0,0.0,6,0,0.0
Aaron Lennon,0.0,0.018814604729413986,1.5200312500000002,6.3,7.35,1.0,1.4500000000000002,6,0,2.25
Maxwel Cornet,0.1206960454583168,0.02627361612394452,1.5200312500000002,5.300000000000001,8.399999999999999,15.75,2.95,6,0,1.75
Connor Roberts,0.004559049848467112,0.023557436652481556,1.5200312500000002,12.0,9.175,1.75,2.3,6,0,4.0
César Azpilicueta,0.012357521802186966,0.08533235173672438,0.941762,24.0,18.95,10.25,5.35,4,0,2.75
Thiago Emiliano da Silva,0.025940749794244766,0.0,0.941762,24.65,0.875,6.25,3.2,4,0,4.5
Marcos Alonso,0.08671212708577514,0.11193355917930603,0.941762,13.05,10.024999999999999,17.5,4.05,4,0,2.25
Jorge Luiz Frello Filho,0.013362560421228409,0.007152052596211433,0.941762,5.65,4.6,0.25,1.05,4,0,1.25
Ross Barkley,0.1927461251616478,0.14528609439730644,0.941762,0.0,0.0,0.0,0.0,4,0,0.0
Mateo Kovacic,0.01451852172613144,0.16884465795010328,0.941762,19.650000000000002,14.5,7.0,4.1000000000000005,4,0,3.75
Antonio Rüdiger,0.024996060878038406,0.01455618254840374,0.941762,15.399999999999999,6.5249999999999995,2.0,2.4,4,0,2.75
Kepa Arrizabalaga,0.0,0.0,0.941762,19.599999999999998,0.0,0.0,1.9749999999999999,4,0,3.25
N'Golo Kanté,0.0045633986592292786,0.10914148413576186,0.941762,23.25,14.975,1.25,3.95,4,0,3.5
Hakim Ziyech,0.051351405680179596,0.09342374373227358,0.941762,25.55,11.075,14.75,5.1,4,0,5.75
Ruben Loftus-Cheek,0.08726099133491516,0.041383192874491215,0.941762,0.0,0.0,0.0,0.0,4,0,0.0
Andreas Christensen,0.0038450690917670727,0.0,0.941762,0.0,0.0,0.0,0.0,4,0,0.0
Timo Werner,0.15200076531618834,0.0,0.941762,0.15000000000000002,0.425,11.0,1.15,4,0,0.5
Christian Pulisic,0.1758100837469101,0.03832245385274291,0.941762,10.149999999999999,3.9000000000000004,13.75,2.775,4,0,2.25
Callum Hudson-Odoi,0.10959037020802498,0.040500059723854065,0.941762,8.05,16.375,10.25,3.45,4,0,2.5
Kai Havertz,0.1877809762954712,0.0,0.941762,0.8500000000000001,0.825,6.0,0.7749999999999999,4,0,0.75
Edouard Mendy,0.0,0.0,0.941762,6.6,0.0,0.0,0.65,4,0,0.5
Malang Sarr,0.0,0.0,0.941762,10.3,0.675,0.0,1.1,4,0,2.0
Trevoh Chalobah,0.003990723751485348,0.0,0.941762,2.15,0.45,0.0,0.25,4,0,0.25
Romelu Lukaku,0.2625802047550678,0.06975860893726349,0.941762,3.2500000000000004,6.625,23.25,3.3,4,0,1.5
Saúl Ñíguez,0.01576218195259571,0.0,0.941762,0.05,0.075,0.0,0.025,4,0,0.25
Marcus Bettinelli,FAIL,FAIL,FAIL,0.0,0.0,0.0,0.0,4,0,0.0
Lewis Hall,FAIL,FAIL,FAIL,0.0,0.0,0.0,0.0,4,0,0.0
Harvey Vale,FAIL,FAIL,FAIL,0.0,0.0,0.0,0.0,4,0,0.0
Robert Kenedy Nunes do Nascimento,FAIL,FAIL,FAIL,0.0,0.0,0.0,0.0,4,0,0.0
Vicente Guaita,0.0,0.0,1.48741775,8.5,0.0,0.0,0.8500000000000001,9,1,2.5
James Tomkins,0.16794762294739485,0.0,1.48741775,0.0,0.0,0.0,0.0,9,1,0.0
James McArthur,0.0313656241632998,0.17163711600005627,1.48741775,1.4,0.2,1.75,0.325,9,1,0.25
Christian Benteke,0.07519692182540894,0.0,1.48741775,0.5,0.0,0.0,0.05,9,1,0.5
Cheikhou Kouyaté,0.003067875513806939,0.0,1.48741775,0.0,0.0,0.0,0.0,9,1,0.0
Martin Kelly,FAIL,FAIL,FAIL,0.0,0.0,0.0,0.0,9,1,0.0
Luka Milivojevic,0.017196988686919212,0.05165331996977329,1.48741775,1.9,0.05,0.0,0.2,9,1,0.25
Jordan Ayew,0.11244801804423332,0.29310861229896545,1.48741775,1.3,3.975,2.0,0.7250000000000001,9,1,1.0
Wilfried Zaha,0.2625293890014291,0.08694311697036028,1.48741775,12.3,5.2,19.5,3.7,9,1,2.25
Jeffrey Schlupp,0.04177548736333847,0.12277631461620331,1.48741775,14.749999999999998,8.375,10.75,3.4,9,1,2.75
Jack Butland,0.0,0.0,1.48741775,13.4,0.0,0.0,1.35,9,1,2.75
Jairo Riedewald,0.0,0.017874788492918015,1.48741775,0.0,0.0,0.0,0.0,9,1,0.0
Jarosław Jach,FAIL,FAIL,FAIL,0.0,0.0,0.0,0.0,9,1,0.0
Jean-Philippe Mateta,0.08198799286037683,0.10178672522306442,1.48741775,7.8999999999999995,3.95,12.0,2.35,9,1,2.0
Eberechi Eze,0.010483071208000183,0.0184733085334301,1.48741775,2.05,3.6999999999999997,2.25,0.7999999999999999,9,1,1.0
Tyrick Mitchell,0.0,0.004643833264708519,1.48741775,16.65,4.9,0.5,2.225,9,1,2.75
Will Hughes,0.01583082415163517,0.011879580095410347,1.48741775,4.6,5.699999999999999,11.75,2.175,9,1,1.75
Michael Olise,0.02925509214401245,0.2429953943938017,1.48741775,12.35,19.525000000000002,8.5,4.05,9,1,3.25
Joel Ward,0.0,0.004870956763625145,1.48741775,14.900000000000002,5.025,0.5,2.0500000000000003,9,1,2.5
Marc Guéhi,0.0,0.0,1.48741775,14.45,2.075,1.0,1.75,9,1,2.75
Joachim Andersen,0.023456536699086428,0.030844911467283964,1.48741775,17.8,9.075,6.0,3.275,9,1,3.0
Nathaniel Clyne,0.0,0.0,1.48741775,0.0,0.0,0.0,0.0,9,1,0.0
Reece Hannam,FAIL,FAIL,FAIL,0.0,0.0,0.0,0.0,9,1,0.0
Jesurun Rak-Sakyi,0.0,0.0,1.48741775,0.0,0.0,0.0,0.0,9,1,0.0
Scott Banks,FAIL,FAIL,FAIL,0.0,0.0,0.0,0.0,9,1,0.0
Remi Matthews,FAIL,FAIL,FAIL,0.0,0.0,0.0,0.0,9,1,0.0
Odsonne Edouard,0.12724944949150085,0.09179037064313889,1.48741775,13.15,6.7749999999999995,13.5,3.35,9,1,3.25
Anwar El Ghazi,0.007013970520347357,0.017482928931713104,1.19794075,0.55,0.2,1.0,0.175,6,0,0.25
Seamus Coleman,0.21362451231107116,0.020450654439628124,1.19794075,20.8,10.6,8.75,4.0,6,0,4.25
Michael Keane,0.027325750328600407,0.0,1.19794075,17.3,0.175,7.25,2.475,6,0,3.0
Jordan Pickford,0.0,0.009636253118515015,1.19794075,20.650000000000002,2.5,0.0,2.325,6,0,3.25
Allan Marques Loureiro,0.021379755809903145,0.031023030169308186,1.19794075,10.8,7.8,1.75,2.0500000000000003,6,0,1.0
André Filipe Tavares Gomes,0.012668362818658352,0.009404025040566921,1.19794075,5.75,4.525,4.5,1.5,6,0,0.5
Alex Iwobi,0.1752479486167431,0.05194561928510666,1.19794075,5.4,13.325,12.25,3.1,6,0,0.5
Dominic Calvert-Lewin,0.4173270808532834,0.03619043715298176,1.19794075,5.35,10.225,17.75,3.325,6,0,1.25
Mason Holgate,0.1234818696975708,0.0,1.19794075,6.55,0.22499999999999998,8.5,1.525,6,0,2.25
Richarlison de Andrade,0.13520589284598827,0.1817883402109146,1.19794075,18.7,13.3,36.25,6.825,6,0,4.0
Donny van de Beek,0.019259411841630936,0.004844602197408676,1.19794075,3.9000000000000004,4.35,2.5,1.1,6,0,1.0
Bamidele Alli,0.14656963851302862,0.2477597389370203,1.19794075,5.0,11.7,7.5,2.425,6,0,0.75
Asmir Begović,0.0,0.0,1.19794075,0.0,0.0,0.0,0.0,6,0,0.0
Andros Townsend,0.031105833128094673,0.11971679143607616,1.19794075,2.6500000000000004,4.425,6.0,1.325,6,0,0.75
Jonjoe Kenny,0.012163118924945593,0.08098513819277287,1.19794075,6.3,9.325,5.5,2.125,6,0,2.0
Anthony Gordon,0.18924203608185053,0.20883848425000906,1.19794075,26.4,29.924999999999997,31.5,8.774999999999999,6,0,4.75
Jean-Philippe Gbamin,0.0,0.0,1.19794075,0.0,0.0,0.0,0.0,6,0,0.0
Jarrad Branthwaite,0.2916556689888239,0.0,1.19794075,3.4,0.225,1.75,0.55,6,0,0.0
Andy Lonergan,FAIL,FAIL,FAIL,0.0,0.0,0.0,0.0,6,0,0.0
Salomón Rondón,0.30305381771177053,0.07312541082501411,1.19794075,1.8,0.675,9.5,1.2,6,0,0.5
Lewis Dobbin,0.0,0.0,1.19794075,0.0,0.0,0.0,0.0,6,0,0.0
Charlie Whitaker,FAIL,FAIL,FAIL,0.0,0.0,0.0,0.0,6,0,0.0
Harry Tyrer,FAIL,FAIL,FAIL,0.0,0.0,0.0,0.0,6,0,0.0
Cenk Tosun,0.0,0.0,1.19794075,0.0,0.0,0.0,0.0,6,0,0.0
Reece Welch,FAIL,FAIL,FAIL,0.0,0.0,0.0,0.0,6,0,0.0
Tyler Onyango,0.010572065909703573,0.0,1.19794075,0.3,0.0,4.5,0.475,6,0,0.25
Nathan Patterson,FAIL,FAIL,FAIL,0.0,0.0,0.0,0.0,6,0,0.0
Vitalii Mykolenko,0.0,0.0,1.19794075,4.8,1.675,1.0,0.75,6,0,0.25
Kasper Schmeichel,0.0,0.0,2.229882,34.45,0.25,0.0,3.475,7,0,2.5
Marc Albrighton,0.0,0.0,2.229882,8.55,0.775,0.0,0.95,7,0,1.25
Nampalys Mendy,FAIL,FAIL,FAIL,0.0,0.0,0.0,0.0,7,0,0.0
Danny Ward,FAIL,FAIL,FAIL,0.0,0.0,0.0,0.0,7,0,0.0
Ricardo Domingos Barbosa Pereira,0.0787585899233818,0.017337327357381582,2.229882,14.1,3.175,9.25,2.65,7,0,1.5
Daniel Amartey,0.0,0.018451809883117676,2.229882,19.65,2.775,0.5,2.3,7,0,1.0
Youri Tielemans,0.2472121138125658,0.04704248160123825,2.229882,22.700000000000003,12.4,16.5,5.175000000000001,7,0,3.5
Ayoze Pérez,0.044723059982061386,0.014583515003323555,2.229882,0.0,0.0,0.0,0.0,7,0,0.25
James Maddison,0.32206052355468273,0.04152607871219516,2.229882,18.7,16.1,34.75,6.949999999999999,7,0,4.25
Kelechi Iheanacho,0.28823323734104633,0.20008040312677622,2.229882,0.0,0.2,2.0,0.2,7,0,0.25
Hamza Choudhury,0.005056705791503191,0.0,2.229882,3.7,0.075,1.0,0.475,7,0,0.25
Harvey Barnes,0.2419935241341591,0.2279044920578599,2.229882,13.5,15.725000000000001,28.0,5.725,7,0,4.0
Wilfred Ndidi,0.014358868356794119,0.0,2.229882,11.1,1.15,0.25,1.25,7,0,1.0
Çaglar Söyüncü,0.006085820496082306,0.0,2.229882,15.100000000000001,0.675,1.0,1.6749999999999998,7,0,1.0
Luke Thomas,0.009130596183240414,0.0047881389036774635,2.229882,20.7,4.425,3.0,2.825,7,0,1.25
Jannik Vestergaard,0.0,0.0,2.229882,5.1,0.15,0.0,0.525,7,0,0.5
Patson Daka,0.402243047952652,0.011292265728116035,2.229882,18.6,6.875,21.75,4.7250000000000005,7,0,4.5
Boubakary Soumaré,0.030437042471021414,0.0,2.229882,1.3,0.725,1.75,0.375,7,0,0.75
Kiernan Dewsbury-Hall,0.018577927723526955,0.21451112627983093,2.229882,13.95,22.650000000000002,8.5,4.5,7,0,2.0
Eldin Jakupovic,FAIL,FAIL,FAIL,0.0,0.0,0.0,0.0,7,0,0.0
Ademola Lookman,0.14844506047666073,0.12069292366504669,2.229882,5.15,10.9,19.75,3.55,7,0,2.0
Ben Nelson,FAIL,FAIL,FAIL,0.0,0.0,0.0,0.0,7,0,0.0
Lewis Brunt,FAIL,FAIL,FAIL,0.0,0.0,0.0,0.0,7,0,0.0
Luke Ayling,0.02916852431371808,0.24802433419972658,1.9002125,22.75,6.55,6.0,3.525,8,1,2.0
Mateusz Klich,0.1111217699944973,0.013093166053295135,1.9002125,9.3,5.875,23.0,3.825,8,1,1.75
Rodrigo Moreno,0.07836150005459785,0.08258488867431879,1.9002125,12.7,20.875,17.0,5.075,8,1,2.75
Diego Llorente,0.14223472774028778,0.0,1.9002125,22.65,0.7250000000000001,9.25,3.275,8,1,2.25
Tyler Roberts,0.17957645282149315,0.055016014724969864,1.9002125,1.4500000000000002,0.4,1.0,0.30000000000000004,8,1,0.5
Robin Koch,0.0428170058876276,0.020421458408236504,1.9002125,9.25,6.25,11.75,2.725,8,1,1.0
Raphael Dias Belloli,0.062466660514473915,0.3735952745191753,1.9002125,12.85,37.525,18.0,6.825,8,1,2.75
Jamie Shackleton,0.0,0.0,1.9002125,0.0,0.0,0.0,0.0,8,1,0.0
Pascal Struijk,0.14009936153888702,0.004834294319152832,1.9002125,27.1,3.4499999999999997,15.25,4.6,8,1,2.0
Illan Meslier,0.0,0.0,1.9002125,23.85,0.0,0.0,2.375,8,1,2.0
Jack Harrison,0.34321372024714947,0.0970230270177126,1.9002125,40.75,29.75,31.5,10.225,8,1,6.5
Daniel James,0.596691326238215,0.0,1.9002125,17.5,2.1,45.75,6.4750000000000005,8,1,4.0
Kristoffer Klaesson,FAIL,FAIL,FAIL,0.0,0.0,0.0,0.0,8,1,0.0
Crysencio Summerville,0.08059780579060316,0.003431848715990782,1.9002125,0.0,0.0,0.0,0.0,8,1,0.0
Adam Forshaw,0.0,0.029411572962999344,1.9002125,5.75,5.95,0.5,1.2249999999999999,8,1,1.5
Charlie Cresswell,0.0,0.0,1.9002125,0.0,0.0,0.0,0.0,8,1,0.0
Liam McCarron,0.0,0.0,1.9002125,0.0,0.0,0.0,0.0,8,1,0.0
Joe Gelhardt,0.020135466009378433,0.11613696068525314,1.9002125,0.5,0.125,0.5,0.125,8,1,0.25
Nohan Kenneh,FAIL,FAIL,FAIL,0.0,0.0,0.0,0.0,8,1,0.0
Stuart McKinstry,0.0,0.0,1.9002125,0.0,0.0,0.0,0.0,8,1,0.0
Leo Fuhr Hjelde,0.0,0.011870778165757656,1.9002125,11.4,3.2,0.5,1.525,8,1,0.5
Lewis Bate,0.0,0.0,1.9002125,1.2,0.45,0.0,0.175,8,1,0.25
Jack Jenkins,FAIL,FAIL,FAIL,0.0,0.0,0.0,0.0,8,1,0.0
Kris Moore,FAIL,FAIL,FAIL,0.0,0.0,0.0,0.0,8,1,0.0
Archie Gray,FAIL,FAIL,FAIL,0.0,0.0,0.0,0.0,8,1,0.0
James Milner,0.0,0.019376015290617943,0.9271425,1.2000000000000002,2.975,0.0,0.425,2,1,0.75
Jordan Henderson,0.05006652697920799,0.026142545510083437,0.9271425,6.6,12.3,6.5,2.575,2,1,1.25
Adrián San Miguel del Castillo,FAIL,FAIL,FAIL,0.0,0.0,0.0,0.0,2,1,0.0
Joel Matip,0.051753331907093525,0.12625994952395558,0.9271425,23.75,9.525,17.5,5.075,2,1,6.25
Thiago Alcántara do Nascimento,0.023770920932292938,0.034272825345396996,0.9271425,5.7,2.2,0.25,0.825,2,1,1.0
Alex Oxlade-Chamberlain,0.1489935852587223,0.07589603401720524,0.9271425,18.5,13.524999999999999,19.5,5.175000000000001,2,1,3.5
Roberto Firmino,0.08291472680866718,0.16344702243804932,0.9271425,10.5,10.424999999999999,25.5,4.6499999999999995,2,1,2.0
Virgil van Dijk,0.07321114372462034,0.0,0.9271425,23.200000000000003,1.05,19.5,4.375,2,1,7.5
Sadio Mané,0.5974698327481747,0.2743597533553839,0.9271425,1.85,6.175,11.5,1.95,2,1,0.75
Alisson Ramses Becker,0.0,0.0,0.9271425,24.4,0.0,0.0,2.425,2,1,6.25
Fabio Henrique Tavares,0.7540350258350372,0.023492081090807915,0.9271425,39.800000000000004,14.049999999999999,33.75,8.775,2,1,8.0
Mohamed Salah,0.8669832851737738,0.15079757058992982,0.9271425,4.3,6.975,23.75,3.5,2,1,1.0
Andrew Robertson,0.03818531543947756,0.2179093426093459,0.9271425,27.5,39.675000000000004,14.25,8.15,2,1,9.0
Divock Origi,0.2659388507405917,0.0,0.9271425,0.0,0.0,0.0,0.0,2,1,0.0
Takumi Minamino,0.1610434502363205,0.12278028577566147,0.9271425,9.450000000000001,3.625,6.75,2.0,2,1,2.0
Trent Alexander-Arnold,0.07387906918302178,0.2771452013403177,0.9271425,17.65,34.625,17.25,6.975,2,1,6.0
Joseph Gomez,0.0,0.0,0.9271425,0.8,0.0,0.0,0.075,2,1,0.25
Naby Keita,0.054159244522452354,0.02883050311356783,0.9271425,4.8,1.625,1.75,0.825,2,1,0.75
Caoimhin Kelleher,0.0,0.0,0.9271425,0.0,0.0,0.0,0.0,2,1,0.0
Ibrahima Konaté,0.017796307802200317,0.0,0.9271425,0.0,0.0,0.0,0.0,2,1,0.0
Curtis Jones,0.020288129104301333,0.03799632377922535,0.9271425,8.2,11.95,6.5,2.675,2,1,1.5
Konstantinos Tsimikas,0.005971380043774843,0.11832254286855459,0.9271425,0.0,0.0,0.0,0.0,2,1,0.0
Harvey Elliott,0.12020520120859146,0.10722877085208893,0.9271425,1.85,3.325,0.5,0.575,2,1,0.25
Tyler Morton,0.0,0.0,0.9271425,0.0,0.0,0.0,0.0,2,1,0.0
Kaide Gordon,0.4911211431026459,0.0,0.9271425,1.0,0.15,2.25,0.35,2,1,0.25
Conor Bradley,FAIL,FAIL,FAIL,0.0,0.0,0.0,0.0,2,1,0.0
Owen Beck,FAIL,FAIL,FAIL,0.0,0.0,0.0,0.0,2,1,0.0
Marcelo de Araújo Pitaluga Filho,FAIL,FAIL,FAIL,0.0,0.0,0.0,0.0,2,1,0.0
Jarell Quansah,FAIL,FAIL,FAIL,0.0,0.0,0.0,0.0,2,1,0.0
Luis Díaz,0.44538402557373047,0.014952416531741619,0.9271425,5.6,8.75,25.0,3.95,2,1,1.5
Kyle Walker,0.01546354778110981,0.05117581877857447,0.60850925,14.2,13.925,7.5,3.575,7,1,4.5
Ilkay Gündogan,0.07112562656402588,0.19659917056560516,0.60850925,4.4,8.275,8.0,2.05,7,1,1.25
Kevin De Bruyne,0.09898551367223263,0.286843728274107,0.60850925,33.2,30.325,23.75,8.75,7,1,7.5
John Stones,0.19946692883968353,0.0,0.60850925,7.5,2.95,4.75,1.525,7,1,3.25
Riyad Mahrez,0.710540160536766,0.09270553477108479,0.60850925,11.3,11.85,13.5,3.675,7,1,3.25
Raheem Sterling,0.877553902566433,0.09130710549652576,0.60850925,31.75,19.200000000000003,52.25,10.3,7,1,7.75
João Pedro Cavaco Cancelo,0.1414693754632026,0.060959320049732924,0.60850925,17.85,15.874999999999998,24.5,5.824999999999999,7,1,5.0
Ederson Santana de Moraes,0.0,0.0,0.60850925,18.700000000000003,0.0,0.0,1.9,7,1,5.25
Nathan Aké,0.16670749755576253,0.1543188989162445,0.60850925,6.15,5.625,2.75,1.45,7,1,1.5
Aymeric Laporte,0.14726121351122856,0.0,0.60850925,20.35,2.275,7.5,3.0,7,1,5.75
Zack Steffen,0.0,0.0,0.60850925,0.0,0.0,0.0,0.0,7,1,0.0
Bernardo Mota Veiga de Carvalho e Silva,0.051437347661703825,0.1361447013914585,0.60850925,12.549999999999999,31.575,19.25,6.375,7,1,2.75
Rúben Santos Gato Alves Dias,0.09875067695975304,0.16674647480249405,0.60850925,13.850000000000001,9.375,7.0,3.025,7,1,4.5
Oleksandr Zinchenko,0.014320841990411282,0.11646073684096336,0.60850925,3.9,8.675,1.5,1.4,7,1,1.5
Phil Foden,0.30092283710837364,0.21213489770889282,0.60850925,16.1,25.525000000000002,37.5,7.9,7,1,4.0
Rodrigo Hernandez,0.15542125748470426,0.04092800850048661,0.60850925,10.65,12.075,10.75,3.3499999999999996,7,1,2.0
Fernando Luiz Rosa,0.1952860075980425,0.18592448299750686,0.60850925,3.95,4.375,3.5,1.175,7,1,0.75
Samuel Edozie,FAIL,FAIL,FAIL,0.0,0.0,0.0,0.0,7,1,0.0
Scott Carson,FAIL,FAIL,FAIL,0.0,0.0,0.0,0.0,7,1,0.0
Luke Mbete,FAIL,FAIL,FAIL,0.0,0.0,0.0,0.0,7,1,0.0
Joshua Wilson-Esbrand,FAIL,FAIL,FAIL,0.0,0.0,0.0,0.0,7,1,0.0
Romeo Lavia,FAIL,FAIL,FAIL,0.0,0.0,0.0,0.0,7,1,0.0
Cieran Slicker,FAIL,FAIL,FAIL,0.0,0.0,0.0,0.0,7,1,0.0
James McAtee,0.0443243607878685,0.0,0.60850925,0.0,0.05,0.0,0.0,7,1,0.25
Conrad Egan-Riley,FAIL,FAIL,FAIL,0.0,0.0,0.0,0.0,7,1,0.0
Kayky da Silva Chagas,FAIL,FAIL,FAIL,0.0,0.075,0.0,0.0,7,1,0.25
Liam Delap,0.0,0.0,0.60850925,0.0,0.0,1.0,0.05,7,1,0.5
David de Gea,0.0,0.0,0.737481,18.2,0.075,0.0,1.8,3,0,4.5
Paul Pogba,0.09484165254980326,0.1305967690423131,0.737481,19.35,10.725,15.0,4.5,3,0,3.5
Harry Maguire,0.2225098665803671,0.0,0.737481,17.7,0.8499999999999999,18.25,3.6750000000000003,3,0,3.75
Frederico Rodrigues de Paula Santos,0.020184794440865517,0.37601597327739,0.737481,6.9,7.65,6.75,2.15,3,0,1.5
Luke Shaw,0.0046105217188596725,0.26919824443757534,0.737481,16.599999999999998,23.525000000000002,4.0,4.425,3,0,3.25
Jesse Lingard,0.022189642768353224,0.0,0.737481,0.85,0.775,2.0,0.35000000000000003,3,0,0.25
Bruno Miguel Borges Fernandes,0.3315097112208605,0.3703371174633503,0.737481,27.6,57.525000000000006,33.25,11.85,3,0,4.25
Alex Nicolao Telles,0.031218368327245116,0.01110804220661521,0.737481,3.6999999999999997,5.875,4.75,1.425,3,0,1.75
Dean Henderson,FAIL,FAIL,FAIL,0.0,0.0,0.0,0.0,3,0,0.0
Marcus Rashford,0.30651156418025494,0.2780131306499243,0.737481,13.799999999999999,9.7,29.25,5.3,3,0,3.25
Victor Lindelöf,0.0,0.0,0.737481,1.8,0.125,0.0,0.2,3,0,1.5
Scott McTominay,0.05423766653984785,0.04676451347768307,0.737481,17.0,16.325,9.25,4.25,3,0,2.75
Aaron Wan-Bissaka,0.0,0.020445531234145164,0.737481,0.0,0.0,0.0,0.0,3,0,0.0
Juan Mata,FAIL,FAIL,FAIL,0.0,0.0,0.0,0.0,3,0,0.0
Jadon Sancho,0.5226991735398769,0.18205969780683517,0.737481,15.8,17.224999999999998,38.75,7.174999999999999,3,0,3.5
Tom Heaton,FAIL,FAIL,FAIL,0.0,0.0,0.0,0.0,3,0,0.0
José Diogo Dalot Teixeira,0.03506778413429856,0.06687629828229547,0.737481,19.4,16.625,10.0,4.6000000000000005,3,0,4.75
Anthony Elanga,0.02006200747564435,0.02536967024207115,0.737481,4.05,9.35,8.75,2.225,3,0,2.0
Cristiano Ronaldo dos Santos Aveiro,0.456815242767334,0.44150710850954056,0.737481,17.0,19.225,46.75,8.2,3,0,3.25
Phil Jones,0.0,0.0,0.737481,0.0,0.0,0.0,0.0,3,0,0.0
Hannibal Mejbri,FAIL,FAIL,FAIL,0.0,0.0,0.0,0.0,3,0,0.0
Joseph Willock,FAIL,FAIL,FAIL,10.6,8.75,26.25,4.575,9,0,2.75
Matt Targett,FAIL,FAIL,FAIL,4.05,3.6,0.0,0.775,9,0,0.5
Dan Burn,FAIL,FAIL,FAIL,13.950000000000001,0.775,10.0,2.4749999999999996,9,0,1.75
Chris Wood,FAIL,FAIL,FAIL,2.3,10.075,37.25,4.8,9,0,2.0
Jonjo Shelvey,FAIL,FAIL,FAIL,17.55,4.25,6.25,2.8249999999999997,9,0,3.75
Karl Darlow,FAIL,FAIL,FAIL,0.0,0.0,0.0,0.0,9,0,0.0
Martin Dubravka,FAIL,FAIL,FAIL,22.799999999999997,0.0,0.0,2.275,9,0,5.75
Ryan Fraser,FAIL,FAIL,FAIL,12.749999999999998,23.65,29.75,6.574999999999999,9,0,5.25
Dwight Gayle,FAIL,FAIL,FAIL,0.0,0.0,0.0,0.0,9,0,0.0
Paul Dummett,FAIL,FAIL,FAIL,6.05,0.475,0.0,0.6500000000000001,9,0,1.75
Emil Krafth,FAIL,FAIL,FAIL,0.55,2.625,0.0,0.325,9,0,0.25
Jacob Murphy,FAIL,FAIL,FAIL,0.0,0.175,1.0,0.05,9,0,0.5
Fabian Schär,FAIL,FAIL,FAIL,18.849999999999998,0.35,7.25,2.6499999999999995,9,0,4.25
Allan Saint-Maximin,FAIL,FAIL,FAIL,24.349999999999998,30.625,36.25,9.149999999999999,9,0,4.25
Miguel Almirón,FAIL,FAIL,FAIL,0.05,0.0,0.0,0.0,9,0,0.25
Sean Longstaff,FAIL,FAIL,FAIL,5.85,0.825,3.0,0.975,9,0,0.75
Joelinton Cássio Apolinário de Lira,FAIL,FAIL,FAIL,18.0,9.35,21.5,4.8500000000000005,9,0,1.5
Mark Gillespie,FAIL,FAIL,FAIL,0.0,0.0,0.0,0.0,9,0,0.0
Bruno Guimarães Rodriguez Moura,FAIL,FAIL,FAIL,2.7,5.15,0.0,0.8,9,0,1.0
Lucas De Bolle,FAIL,FAIL,FAIL,0.0,0.0,0.0,0.0,9,0,0.0
Billy Gilmour,0.006371332099661231,0.05648975074291229,1.8806117500000001,3.15,11.225,0.0,1.45,10,0,0.75
Brandon Williams,0.0,0.18639004603028297,1.8806117500000001,20.15,8.975,1.0,3.05,10,0,3.5
Michael McGovern,FAIL,FAIL,FAIL,0.0,0.0,0.0,0.0,10,0,0.0
Teemu Pukki,0.06613912805914879,0.1646813452243805,1.8806117500000001,15.100000000000001,7.1000000000000005,16.0,3.8,10,0,4.25
Kenny McLean,0.01675526751205325,0.010243154130876064,1.8806117500000001,5.8999999999999995,4.2,2.75,1.275,10,0,1.5
Grant Hanley,0.024382474832236767,0.0,1.8806117500000001,19.450000000000003,0.125,3.0,2.25,10,0,2.5
Sam Byram,0.01164631824940443,0.015623888000845909,1.8806117500000001,2.45,0.35000000000000003,0.5,0.32499999999999996,10,0,0.5
Kieran Dowell,0.019742220640182495,0.006820695474743843,1.8806117500000001,0.05,0.075,0.0,0.025,10,0,0.25
Christoph Zimmermann,FAIL,FAIL,FAIL,0.0,0.0,0.0,0.0,10,0,0.0
Max Aarons,0.01331418938934803,0.0,1.8806117500000001,9.35,1.0999999999999999,5.5,1.5499999999999998,10,0,2.5
Przemyslaw Placheta,FAIL,FAIL,FAIL,0.5,0.4,0.0,0.1,10,0,0.75
Angus Gunn,0.0,0.0,1.8806117500000001,30.25,0.0,0.0,3.0250000000000004,10,0,4.75
Milot Rashica,0.07000100333243608,0.06991864740848541,1.8806117500000001,13.4,29.799999999999997,13.25,5.675000000000001,10,0,3.0
Ben Gibson,0.020409373100847006,0.0,1.8806117500000001,19.950000000000003,0.1,5.75,2.575,10,0,2.5
Dimitris Giannoulis,0.0,0.0468175895512104,1.8806117500000001,1.25,0.0,0.0,0.125,10,0,0.25
Pierre Lees-Melou,0.015229564160108566,0.021665670443326235,1.8806117500000001,12.1,11.125,4.0,2.725,10,0,2.25
Joshua Sargent,0.2005829755216837,0.01327301561832428,1.8806117500000001,21.099999999999998,4.3500000000000005,26.5,5.175000000000001,10,0,4.75
Christos Tzolis,0.02482629893347621,0.04294202197343111,1.8806117500000001,1.05,5.075,0.5,0.675,10,0,0.25
Mathias Normann,0.005098291207104921,0.017366895452141762,1.8806117500000001,1.15,0.425,0.0,0.175,10,0,0.5
Jonathan Tomkinson,FAIL,FAIL,FAIL,0.0,0.0,0.0,0.0,10,0,0.0
Jonathan Rowe,0.0,0.02706773579120636,1.8806117500000001,0.0,0.025,0.0,0.0,10,0,0.25
Jon McCracken,FAIL,FAIL,FAIL,0.0,0.0,0.0,0.0,10,0,0.0
Liam Gibbs,FAIL,FAIL,FAIL,0.0,0.0,0.0,0.0,10,0,0.0
Theo Walcott,0.023683554027229548,0.0,2.1657925000000002,0.0,0.0,0.0,0.0,3,1,0.25
Fraser Forster,0.0,0.0,2.1657925000000002,29.6,0.0,0.0,2.95,3,1,2.25
Oriol Romeu Vidal,0.04536229348741472,0.118155213072896,2.1657925000000002,15.25,19.325,14.75,4.95,3,1,2.0
Jack Stephens,0.0,0.013529027812182903,2.1657925000000002,3.5,0.025,0.0,0.35,3,1,0.25
Stuart Armstrong,0.10404941067099571,0.06817091256380081,2.1657925000000002,9.2,12.975,18.25,4.050000000000001,3,1,1.5
James Ward-Prowse,0.04811427742242813,0.1035111895762384,2.1657925000000002,36.74999999999999,34.474999999999994,12.5,8.375,3,1,5.25
Kyle Walker-Peters,0.028636083006858826,0.12241096422076225,2.1657925000000002,17.799999999999997,8.05,11.25,3.7,3,1,2.75
Che Adams,0.21512792631983757,0.035871597006917,2.1657925000000002,19.55,8.899999999999999,26.0,5.425,3,1,4.75
William Smallbone,0.06670796126127243,0.05095229297876358,2.1657925000000002,0.0,0.0,0.0,0.0,3,1,0.0
Ibrahima Diallo,0.009126606397330761,0.0031575262546539307,2.1657925000000002,2.35,3.05,1.75,0.7250000000000001,3,1,1.0
Moussa Djenepo,0.035273346584290266,0.04268769081681967,2.1657925000000002,0.0,0.0,0.0,0.0,3,1,0.0
Mohammed Salisu,0.11898799543268979,0.03336751088500023,2.1657925000000002,27.15,6.6000000000000005,15.5,4.925,3,1,1.5
Romain Perraud,0.06971298204734921,0.03383797989226878,2.1657925000000002,11.45,8.0,12.25,3.175,3,1,2.0
Tino Livramento,0.0,0.0,2.1657925000000002,1.45,0.175,0.0,0.175,3,1,0.25
Armando Broja,0.33071721624583006,0.004542558453977108,2.1657925000000002,10.35,4.9750000000000005,34.25,4.95,3,1,3.0
Shane Long,0.052083324640989304,0.0,2.1657925000000002,0.3,0.15,0.0,0.05,3,1,0.25
Adam Armstrong,0.07143654581159353,0.0,2.1657925000000002,0.05,0.2,0.0,0.025,3,1,0.25
Yan Valery,0.013595256954431534,0.0,2.1657925000000002,0.0,0.0,0.0,0.0,3,1,0.0
Harry Lewis,FAIL,FAIL,FAIL,0.0,0.0,0.0,0.0,3,1,0.0
Willy Caballero,0.0,0.0,2.1657925000000002,0.0,0.0,0.0,0.0,3,1,0.0
Thierry Small,FAIL,FAIL,FAIL,0.0,0.0,0.0,0.0,3,1,0.0
Kgaogelo Chauke,FAIL,FAIL,FAIL,0.0,0.0,0.0,0.0,3,1,0.0
Hugo Lloris,0.0,0.0,1.648905,31.900000000000002,0.0,0.0,3.175,10,0,2.0
Harry Kane,0.6311955759301782,0.24714266695082188,1.648905,22.549999999999997,17.4,63.75,10.375,10,0,4.25
Heung-Min Son,0.4183521270751953,0.39440547302365303,1.648905,14.1,15.899999999999999,19.75,4.975,10,0,2.25
Matt Doherty,0.3258008025586605,0.19613098353147507,1.648905,13.65,13.974999999999998,15.5,4.325,10,0,1.5
Lucas Rodrigues Moura da Silva,0.06594103435054421,0.2593344859778881,1.648905,10.950000000000001,19.4,11.25,4.15,10,0,2.25
Ben Davies,0.010946891270577908,0.02990935556590557,1.648905,18.2,9.850000000000001,3.5,3.15,10,0,1.0
Pierre-Emile Højbjerg,0.21555054001510143,0.03752414183691144,1.648905,10.350000000000001,9.15,10.5,3.0,10,0,2.0
Harry Winks,0.012620021123439074,0.21901106368750334,1.648905,17.65,23.9,3.75,4.550000000000001,10,0,2.75
Davinson Sánchez,0.040829289704561234,0.036539386957883835,1.648905,25.85,6.025,3.25,3.5250000000000004,10,0,0.5
Ryan Sessegnon,0.014288695529103279,0.0,1.648905,0.8,0.425,1.0,0.2,10,0,0.0
Steven Bergwijn,0.24315783008933067,0.013716332614421844,1.648905,18.45,4.3,17.0,3.9750000000000005,10,0,4.25
Sergio Reguilón,0.1749249454587698,0.2432346004061401,1.648905,10.8,19.0,21.5,5.125,10,0,0.5
Joe Rodon,0.0,0.0,1.648905,0.0,0.0,0.0,0.0,10,0,0.0
Pierluigi Gollini,FAIL,FAIL,FAIL,0.0,0.0,0.0,0.0,10,0,0.0
Cristian Romero,0.012062884867191315,0.0,1.648905,11.65,0.25,4.75,1.65,10,0,0.25
Dane Scarlett,FAIL,FAIL,FAIL,0.0,0.0,0.0,0.0,10,0,0.0
Emerson Aparecido Leite de Souza Junior,FAIL,FAIL,FAIL,3.3,3.825,13.25,2.0500000000000003,10,0,0.75
Tobi Omole,FAIL,FAIL,FAIL,0.0,0.0,0.0,0.0,10,0,0.0
Brandon Austin,FAIL,FAIL,FAIL,0.0,0.0,0.0,0.0,10,0,0.0
Harvey White,FAIL,FAIL,FAIL,0.0,0.0,0.0,0.0,10,0,0.0
Dejan Kulusevski,0.05084898695349693,0.014772259630262852,1.648905,2.5999999999999996,16.2,12.0,3.0999999999999996,10,0,1.5
Rodrigo Bentancur,0.023293705889955163,0.03609549114480615,1.648905,9.1,16.3,11.0,3.6500000000000004,10,0,1.0
Moussa Sissoko,0.13014605175703764,0.05209969589486718,1.1002049999999999,14.6,22.049999999999997,3.25,4.0,5,0,2.25
Ben Foster,0.0,0.0,1.1002049999999999,11.45,0.0,0.0,1.15,5,0,2.5
Craig Cathcart,0.015798434615135193,0.004414807073771954,1.1002049999999999,12.4,0.325,5.0,1.775,5,0,2.25
Tom Cleverley,0.054059621412307024,0.015666164457798004,1.1002049999999999,6.25,9.999999999999998,6.5,2.275,5,0,1.25
Francisco Femenía Far,0.0,0.08115443214774132,1.1002049999999999,14.950000000000001,20.225,1.0,3.625,5,0,2.75
Christian Kabasele,0.104145847260952,0.013322591781616211,1.1002049999999999,5.0,2.575,0.5,0.8,5,0,0.25
William Troost-Ekong,0.0,0.0,1.1002049999999999,0.0,0.0,0.0,0.0,5,0,0.0
Daniel Bachmann,0.0,0.0,1.1002049999999999,0.5,0.0,0.0,0.05,5,0,0.25
Adam Masina,0.025447032880038023,0.04386041685938835,1.1002049999999999,0.0,0.0,0.0,0.0,5,0,0.0
Ken Sema,0.008038435131311417,0.004165589343756437,1.1002049999999999,3.3,1.525,2.0,0.675,5,0,1.0
Ashley Fletcher,0.14588460636635622,0.0,1.1002049999999999,0.0,0.0,0.0,0.0,5,0,0.0
Francisco Sierralta,0.008098075166344643,0.0,1.1002049999999999,0.0,0.0,0.0,0.0,5,0,0.0
Ismaila Sarr,0.28032591566443443,0.00873834639787674,1.1002049999999999,0.4,0.3,9.5,1.025,5,0,0.25
Jeremy Ngakia,0.006572364363819361,0.013319853693246841,1.1002049999999999,0.75,0.05,0.0,0.075,5,0,0.25
Imrân Louza,0.01374508161097765,0.03347940929234028,1.1002049999999999,1.5,0.475,2.5,0.45,5,0,0.25
João Pedro Junqueira de Jesus,0.19563071057200432,0.020383713068440557,1.1002049999999999,8.85,9.275,29.75,4.8,5,0,1.5
Emmanuel Dennis,0.10782216722145677,0.15512136137112975,1.1002049999999999,3.5500000000000003,7.7749999999999995,10.25,2.0999999999999996,5,0,0.5
Joshua King,0.0989238079637289,0.16897043772041798,1.1002049999999999,6.300000000000001,14.524999999999999,20.25,4.1,5,0,1.75
Juan Camilo Hernández Suárez,0.1274757762439549,0.013255195692181587,1.1002049999999999,0.95,3.05,16.0,2.0,5,0,0.5
Juraj Kucka,0.03727163467556238,0.13735191896557808,1.1002049999999999,10.7,14.525000000000002,4.5,2.9000000000000004,5,0,1.25
Robert Elliot,FAIL,FAIL,FAIL,0.0,0.0,0.0,0.0,5,0,0.0
James Morris,FAIL,FAIL,FAIL,0.0,0.0,0.0,0.0,5,0,0.0
Vincent Angelini,FAIL,FAIL,FAIL,0.0,0.0,0.0,0.0,5,0,0.0
Hassane Kamara,0.002371049951761961,0.06233171187341213,1.1002049999999999,18.150000000000002,10.575,1.75,3.0500000000000003,5,0,3.0
Samir Caetano de Souza Santos,FAIL,FAIL,FAIL,19.05,0.3,5.25,2.4499999999999997,5,0,2.5
Edo Kayembe,0.0,0.013166971504688263,1.1002049999999999,8.0,8.325000000000001,0.0,1.625,5,0,2.0
Samuel Kalu,FAIL,FAIL,FAIL,0.0,0.0,0.0,0.0,5,0,0.0
Mark Noble,0.3805844187736511,0.0,1.4424534999999998,0.0,0.0,0.0,0.0,2,1,0.0
Darren Randolph,FAIL,FAIL,FAIL,0.0,0.0,0.0,0.0,2,1,0.0
Lukasz Fabianski,0.0,0.0,1.4424534999999998,7.9,0.0,0.0,0.7749999999999999,2,1,2.0
Aaron Cresswell,0.02125777304172516,0.26816614530980587,1.4424534999999998,18.099999999999998,25.374999999999996,5.5,4.8999999999999995,2,1,4.0
Andriy Yarmolenko,0.04597397428005934,0.02601667307317257,1.4424534999999998,1.25,0.825,2.25,0.425,2,1,0.0
Michail Antonio,0.03490824997425079,0.02302095852792263,1.4424534999999998,8.899999999999999,9.375,15.75,3.4000000000000004,2,1,2.5
Craig Dawson,0.18136407434940338,0.0,1.4424534999999998,20.4,0.44999999999999996,16.5,3.75,2,1,4.0
Ryan Fredericks,0.0,0.0,1.4424534999999998,0.6499999999999999,0.07500000000000001,0.0,0.07500000000000001,2,1,0.5
Manuel Lanzini,0.0,0.030995810870081186,1.4424534999999998,14.2,12.475,4.5,3.125,2,1,2.25
Vladimir Coufal,0.030148157384246588,0.013218537904322147,1.4424534999999998,15.099999999999998,6.0,10.0,3.1,2,1,3.5
Saïd Benrahma,0.30278145521879196,0.20184891670942307,1.4424534999999998,0.6,0.275,13.75,1.475,2,1,0.5
Jarrod Bowen,0.4582574381493032,0.15694166533648968,1.4424534999999998,35.449999999999996,17.7,33.0,8.625,2,1,8.25
Declan Rice,0.05582245998084545,0.0,1.4424534999999998,14.900000000000002,4.35,9.0,2.85,2,1,1.75
Tomas Soucek,0.06211360730230808,0.07281991187483072,1.4424534999999998,8.649999999999999,9.5,20.5,3.875,2,1,1.75
Pablo Fornals,0.04920672066509724,0.07420585304498672,1.4424534999999998,17.7,16.35,15.5,4.95,2,1,3.75
Issa Diop,0.0,0.0729578360915184,1.4424534999999998,14.0,3.6,1.0,1.875,2,1,1.5
Ben Johnson,0.0,0.0,1.4424534999999998,0.0,0.0,0.0,0.0,2,1,0.0
Alphonse Areola,0.0,0.0,1.4424534999999998,5.1,0.0,0.0,0.5,2,1,0.5
Jamal Baptiste,FAIL,FAIL,FAIL,0.0,0.0,0.0,0.0,2,1,0.0
Nikola Vlasic,0.005994940642267466,0.015063537284731865,1.4424534999999998,0.5,0.35000000000000003,1.0,0.175,2,1,0.75
Alex Kral,0.030804350972175598,0.030272994190454483,1.4424534999999998,0.0,0.0,0.0,0.0,2,1,0.0
Harrison Ashby,0.0,0.0,1.4424534999999998,0.0,0.0,0.0,0.0,2,1,0.0
Sonny Perkins,0.0,0.0,1.4424534999999998,0.0,0.0,0.0,0.0,2,1,0.25
Ajibola Alese,FAIL,FAIL,FAIL,0.0,0.0,0.0,0.0,2,1,0.0
Armstrong Oko-Flex,FAIL,FAIL,FAIL,0.0,0.0,0.0,0.0,2,1,0.0
Pierre Ekwah,FAIL,FAIL,FAIL,0.0,0.0,0.0,0.0,2,1,0.0
Conor Coady,FAIL,FAIL,FAIL,23.400000000000002,2.7,8.25,3.4750000000000005,5,1,4.75
Raúl Jiménez,FAIL,FAIL,FAIL,22.549999999999997,7.0,36.0,6.55,5,1,3.25
Romain Saïss,FAIL,FAIL,FAIL,10.100000000000001,3.1500000000000004,4.25,1.75,5,1,1.75
Fernando Marçal,FAIL,FAIL,FAIL,0.9,0.275,5.0,0.625,5,1,0.5
Jonathan Castro Otto,FAIL,FAIL,FAIL,0.0,0.0,0.0,0.0,5,1,0.0
Leander Dendoncker,FAIL,FAIL,FAIL,17.35,5.175000000000001,20.0,4.225,5,1,5.0
Rúben Diogo da Silva Neves,FAIL,FAIL,FAIL,23.75,5.825,9.75,3.9499999999999997,5,1,3.0
Nélson Cabral Semedo,FAIL,FAIL,FAIL,18.35,17.475,10.5,4.625,5,1,3.75
Daniel Castelo Podence,FAIL,FAIL,FAIL,11.45,28.05,19.75,5.925000000000001,5,1,2.0
Max Kilman,FAIL,FAIL,FAIL,26.200000000000003,1.5,2.5,3.0250000000000004,5,1,4.0
Ki-Jana Hoever,FAIL,FAIL,FAIL,0.0,0.0,0.0,0.0,5,1,0.0
Fabio Silva,FAIL,FAIL,FAIL,1.55,0.925,8.0,0.95,5,1,1.25
John Ruddy,FAIL,FAIL,FAIL,0.0,0.0,0.0,0.0,5,1,0.0
Francisco Machado Mota de Castro Trincão,FAIL,FAIL,FAIL,7.15,5.825,2.5,1.575,5,1,1.75
Rayan Ait Nouri,FAIL,FAIL,FAIL,18.25,13.325,3.0,3.4499999999999997,5,1,4.75
José Malheiro de Sá,FAIL,FAIL,FAIL,36.8,0.0,0.0,3.675,5,1,5.0
Luke Cundle,FAIL,FAIL,FAIL,1.3,3.65,0.0,0.5,5,1,1.0
Chem Campbell,FAIL,FAIL,FAIL,0.0,0.0,0.0,0.0,5,1,0.0
Hee-Chan Hwang,FAIL,FAIL,FAIL,0.05,0.5,0.0,0.05,5,1,0.25
James Storer,FAIL,FAIL,FAIL,0.0,0.0,0.0,0.0,5,1,0.0
Hugo Bueno,FAIL,FAIL,FAIL,0.0,0.0,0.0,0.0,5,1,0.0
Toti António Gomes,FAIL,FAIL,FAIL,10.399999999999999,0.45,0.0,1.075,5,1,0.75
Francisco Jorge Tomás Oliveira,FAIL,FAIL,FAIL,1.5333333333333332,4.933333333333334,12.666666666666666,1.9000000000000001,5,1,0.3333333333333333
