avg_xG,avg_xA,avg_xGC,avg_I,avg_C,avg_T,avg_ICT,fixture_difficulty,was_home,form,total_points,class
0,0,1.18788325,16.2,0,0,1.625,7,1,2,-2,no
0,0,1.41306625,20.2,0,0,2,4,0,3.25,-1,no
0.020178767,0,0.960758,24.25,0,1,2.525,4,0,2.25,-1,no
0,0,1.8459395,15.3,0,0,1.525,9,1,2.75,-1,no
0,0,1.175384,19.85,0,0,1.975,5,1,1.75,-1,no
0,0,1.733977,21.2,0,0,2.125,7,1,3,-1,no
0,0,1.04451325,24.4,0,0,2.425,9,1,2.75,-1,no
0,0,1.199286667,18.93333333,0,0,1.866666667,4,1,4.333333333,0,no
0,0,1.0394015,12.1,0,0,1.2,3,0,1.5,0,no
0,0,0.60019075,16,0,0,1.575,5,0,2,0,no
0,0,0.95068925,10.95,0,0,1.075,10,1,4,0,no
0,0,1.037975,25.4,0,0,2.55,9,0,5,0,no
0,0,0.4647245,6.55,0,0,0.65,7,0,3,0,no
0,0,1.19452625,21.5,0,0,2.175,9,1,3.25,0,no
0,0,0.811268667,21.06666667,0,0,2.1,8,1,3.333333333,0,no
0,0,1.032476,11.85,0,0,1.175,8,0,2.75,0,no
0,0,1.82586175,28.05,0,0,2.8,6,0,3.75,0,no
0,0,0.87572425,17.8,0,0,1.775,10,0,3.5,0,no
0,0,1.171169667,36,0,0,3.6,5,0,8.333333333,0,no
0,0.013666984,1.4323225,11.8,5,0,1.675,2,0,2.5,0,no
0,0,1.64354375,29.5,0,0,2.95,8,0,4.5,0,no
0,0,1.5406175,32.7,0,0,3.275,9,0,2.5,0,no
0,0,1.607705,14.6,0,0,1.45,4,0,4.5,0,no
0,0,1.399465,27.6,0,0,2.75,4,1,4,0,no
0,0,1.3941555,27.2,0,0,2.7,7,1,5.25,0,no
0,0,2.3690725,23.4,0.025,0,2.35,8,0,2.25,0,no
0,0,1.31707475,21.65,0,0,2.175,3,0,5,0,no
0,0,1.97782775,21.9,0,0,2.2,3,1,3.25,0,no
0,0.006011181,1.77675,36.4,2.5,0,3.875,8,1,4.5,0,no
0,0.006011181,1.6754175,36.2,2.5,0,3.875,10,0,3.25,0,no
0,0,1.57454375,34.3,0,0,3.45,2,1,5.75,0,no
0,0,2.91877,38.45,0,0,3.825,8,1,3.75,0,no
0,0,2.532495,32,0,0,3.175,2,0,2,0,no
0,0,2.03431575,15.3,0,0,1.525,10,0,2.25,0,no
0,0,1.282241,29.65,0,0,2.95,10,1,3.5,0,no
0,0,1.032742,27.2,0,0,2.725,8,0,5.5,0,no
0,0,1.72558175,25.8,0,0,2.575,7,1,3.5,0,no
0,0,1.10834425,14.5,0,0,1.425,5,1,4.75,0,no
0,0,1.4653395,23.4,0,0,2.325,9,0,3.25,0,no
0,0,1.5797485,14,0,0,1.425,6,0,4,0,no
0,0,0.9138455,28.8,0,0,2.875,10,0,2.5,0,no
0,0,1.89129,19.5,0,0,1.95,6,0,1.5,0,no
0,0.006526821,1.6321525,18.75,2.5,1,2.225,10,0,1.25,0,no
0,0,1.4154625,21.3,0,0,2.125,8,0,3.75,0,no
0,0,1.6287,18.65,0,0,1.875,8,0,4.25,0,no
0,0,1.635845,20.75,0,0,2.1,8,1,2,0,no
0,0,2.187125,33.85,0,0,3.375,9,0,2.5,0,no
0,0,1.259411,20.9,0.75,0,2.15,10,0,2,0,no
0,0.034591727,1.21849175,21.6,2.5,0,2.4,8,0,5,0,no
0,0,1.06355475,20.85,0,0,2.075,9,1,3,0,no
0,0,1.54915325,27.15,0,0,2.725,10,1,3.75,0,no
0,0,2.34418,0.6,0,0,0.1,10,1,1,0,no
0,0,1.26703625,15.95,0,0,1.6,10,0,4.75,0,no
0.004639436,0.042801846,1.01898925,25.05,2.5,0.5,2.8,2,0,6.5,0,no
0,0,1.03868675,20.1,0,0,2,7,1,3,0,no
0,0,2.95581,31.2,0,0,3.1,6,0,2,0,no
0,0,1.006445425,11.45,0,0,1.15,5,0,1.5,0,no
0,0,1.235558,21.85,0,0,2.175,9,0,4.25,0,no
0,0,0.508272,9.3,0,0,0.925,3,0,4,0,no
0,0,1.61746175,27.1,0,0,2.7,4,1,3.25,0,no
0,0,2.086745,31.7,0,0,3.175,6,1,2.25,0,no
0,0,2.3852585,28.15,0,0,2.8,10,0,5.25,0,no
0,0,2.3016275,28.3,0,0,2.825,10,1,1.5,0,no
0,0,1.6055145,21.9,0,0,2.175,10,0,3.5,0,no
0,0,1.637147,32.95,0,0,3.3,7,0,4.5,0,no
0,0,1.4860525,19.1,0,0,1.95,7,0,5,0,no
0,0,1.44970575,30.7,0,0,3.075,2,1,6.75,0,no
0,0,0.315072,20.9,0,0,2.075,1,1,7.75,0,no
0,0,1.688229,23.95,0,0,2.4,6,1,2.5,0,no
0,0,2.87455,42.2,0,0,4.2,6,1,2,0,no
0,0,2.25425,39.95,0,0,3.975,10,1,3.25,0,no
0,0,0.88707225,18.9,0,0,1.9,10,1,5.75,0,no
0,0,0.663818,17.4,0,0,1.75,2,0,2,1,no
0,0,1.04903,19.4,0,0,1.9,8,1,8,1,no
0,0,0.735598333,19.2,0,0.666666667,1.966666667,5,1,2,1,no
0,0,0.684593,13.2,0,0,1.3,9,1,2,1,no
0,0,0.428142,15.95,0,0,1.575,10,1,3.25,1,no
0,0,1.98924,34.4,0,0,3.45,8,1,3,1,no
0,0,1.00299975,16.35,0,0,1.65,4,0,3.75,1,no
0,0,2.315903333,35.26666667,0,0,3.533333333,9,0,2.333333333,1,no
0,0,1.7647175,34.45,0,0,3.45,3,0,4,1,no
0,0,2.16794,50.4,0,0,5.066666667,6,1,5.666666667,1,no
0,0,2.119772,30.7,0,0,3.075,1,0,3,1,no
0,0,1.652116,26.06666667,0,0,2.633333333,7,1,2.333333333,1,no
0,0,2.161452,23.2,0,0,2.325,5,1,2.25,1,no
0,0,1.19948325,10.8,0,0,1.075,6,1,2.5,1,no
0,0,1.31916875,26.5,0,0,2.65,10,0,3.25,1,no
0,0,2.0573695,13.3,0,0,1.325,2,1,2.5,1,no
0,0,0.9027725,23.85,0.025,0,2.4,9,0,6,1,no
0,0,1.01426675,17.2,0,0,1.725,10,1,5.75,1,no
0,0,2.4359925,14.55,0,0,1.45,8,1,1.25,1,no
0,0,1.4253865,30.8,0,0,3.075,5,0,2.5,1,no
0,0,0.45538325,7.6,0,0,0.75,10,1,2.5,1,no
0,0,1.12760925,15,0,0,1.525,5,1,3.25,1,no
0,0,1.31254025,20.15,0,0,2.025,1,1,3.75,1,no
0,0,1.43702875,14.5,0,0,1.45,6,1,3,1,no
0,0,1.7637215,22.45,0,0,2.25,3,0,2,1,no
0,0,1.16627425,26.45,0,0,2.65,10,0,4.25,1,no
0,0,1.425019,14.6,0,0,1.475,10,0,3,1,no
0,0,1.427561,13.5,0,0,1.35,10,1,1.75,1,no
0,0,0.70292175,11.2,0,0,1.125,2,0,4,1,no
0,0,1.5388865,30.45,0,0,3.025,7,1,4.75,1,no
0,0,1.421359,13.55,0,0,1.375,3,1,2.75,1,no
0,0.013734818,1.20732925,18.2,2.55,0,2.075,9,0,3.75,1,no
0,0,1.918991,23.4,0,0,2.35,5,1,3.5,1,no
0,0,1.23166375,26.5,0,0,2.65,3,1,2.5,1,no
0,0,2.2690075,23.05,0,0,2.3,2,0,3.5,1,no
0,0,1.0249905,21.2,0,0,2.15,8,0,4.5,1,no
0,0,1.1794575,23.7,0,0,2.375,7,0,4,1,no
0,0,1.138329,27.85,0,0,2.8,9,1,3.5,1,no
0,0,1.35416,13.4,0,0,1.35,1,0,2.25,1,no
0,0,1.8005625,18.75,0,0,1.875,9,1,4.25,1,no
0,0,1.29886425,43.4,0,0,4.375,5,1,3.75,1,no
0,0,1.260515,20.55,0,0,2.05,4,0,3.75,1,no
0,0.006981393,1.786057,32.95,2.5,0,3.55,5,1,5.25,1,no
0,0,2.1381775,18.55,0,0,1.85,10,0,4,1,no
0,0,1.28320925,19.45,0,0,1.975,8,1,3,1,no
0,0.006981393,0.70259125,12.1,2.5,0,1.45,3,1,3.25,1,no
0,0,0.66670625,15.15,0,0,1.525,8,0,6.5,1,no
0,0,1.50444625,24.6,0,0,2.475,8,1,6,1,no
0,0,0.563563,28,0,0,2.8,6,0,4.5,1,no
0,0,1.3097855,33.3,0,0,3.3,6,1,4.5,1,no
0,0.072397389,1.25056725,21.8,2.5,0,2.425,3,1,3.75,1,no
0,0,0.85266925,29.9,0,0,2.975,10,1,6,1,no
0,0.072397389,1.7328565,41.5,2.5,0,4.375,10,0,4.5,1,no
0,0.00905408,1.31484225,25.8,2.5,0,2.825,5,1,3,1,no
0,0.00525568,1.4020245,21.35,2.5,0,2.375,8,0,3,1,no
0,0,1.70093675,27.6,0,0,2.75,2,1,5.25,1,no
0,0,1.45235825,25.95,0,0,2.575,2,0,2,1,no
0,0.04035705,2.9874225,49.85,2.5,0,5.225,4,1,3.25,1,no
0,0,1.4125915,26.55,0,0,2.675,9,1,4.75,1,no
0,0.086169355,0.665512,10.1,2.5,0,1.25,9,0,5.25,1,no
0,0,1.1624575,19.8,0,0,1.975,6,0,4,1,no
0,0,1.461711,20.2,0,0,2.05,6,1,4.75,1,no
0,0,2.777625,29.2,0,0,2.95,9,1,1.5,1,no
0,0,1.28385,13.85,0,0,1.375,4,1,2.75,1,no
0,0.014132422,1.5011015,31.9,2.75,0,3.475,10,1,3.25,1,no
0,0,1.09248,24.05,0,0,2.4,3,0,4.75,1,no
0,0,1.030098,23.65,0,0,2.4,4,0,6.25,1,no
0,0,1.10660925,18.25,0,0,1.8,6,0,3,1,no
0,0,2.22762375,16.6,0,0,1.675,7,0,2.5,1,no
0,0,1.2917055,37.4,0,0,3.725,1,0,4.75,1,no
0,0,0.8793865,34.35,0,0,3.45,6,1,3.25,1,no
0,0,2.05862575,15.7,0,0,1.6,8,1,2.25,1,no
0,0.008331365,2.040693,46.6,2.5,0,4.925,6,0,6,1,no
0,0,1.34263175,29.7,0.025,0,2.975,8,1,4.75,1,no
0,0,1.58539775,20.05,0,0,2,2,0,2.5,1,no
0,0,1.773395,30.15,0,0,3,10,1,5,1,no
0,0.008331365,0.9401515,20.45,2.5,0,2.3,7,1,5.25,1,no
0,0,2.5628775,34.35,0,0,3.4,9,0,3.75,1,no
0,0,1.63383425,26.55,0,0,2.65,10,0,6.25,1,no
0,0,1.87247,16.2,0,0,1.6,5,1,8,1,no
0,0,1.18405575,27.15,0,0,2.7,6,0,4.25,1,no
0,0,1.039109,23.9,0,0,2.4,7,0,7,1,no
0,0,0.997514,19.3,0,0,1.925,3,0,2.5,1,no
0,0,1.3505575,10.05,0,0,1,1,0,1.25,1,no
0,0,0.529766,13.35,0,0,1.325,9,0,5.25,1,no
0,0,1.23397325,8,0,0,0.8,9,1,1.25,1,no
0,0,0.866101,22.55,0.025,0,2.275,10,0,5.75,1,no
0,0.099001721,1.508665,22.15,2.5,0,2.45,7,0,3.5,1,no
0,0,1.880197,28.6,0,0,2.85,2,0,3,1,no
0,0,1.09999625,24.9,0,0,2.5,5,0,4.5,1,no
0,0,1.21448775,13.4,0.025,0,1.35,5,1,1.5,1,no
0,0,1.463205,24,0,0,2.4,9,0,5.5,1,no
0,0,1.3773425,20.35,0,0,2.025,2,1,2,1,no
0,0,1.40167275,16.8,0,0,1.675,7,1,2.5,1,no
0,0,1.224859,14.2,0,0,1.425,4,0,2.75,1,no
0,0,1.18030325,31.6,0,0,3.15,10,1,3.75,1,no
0,0.006807199,1.007243,28.15,2.5,0,3.075,1,0,4.5,1,no
0,0,2.266513,33.35,0,0,3.325,9,1,2.5,1,no
0,0,1.29522525,18.65,0,0,1.875,3,0,4,1,no
0,0,1.17643575,19.95,0,0,2,8,1,3,1,no
0,0,1.11374075,19.95,0,0,1.975,10,1,2.5,1,no
0,0,1.52622375,27.8,0,0,2.8,7,0,6.75,1,no
0,0,1.34937775,16.6,0,0,1.65,8,0,3.25,1,no
0,0,2.1677695,30.5,0,0,3.05,10,1,2.75,1,no
0,0,1.5840165,27.85,0,0,2.8,5,1,3.75,1,no
0,0,1.126081,28.2,0,0,2.825,8,0,3.5,1,no
0,0,1.79879225,25.2,0,0,2.525,6,1,4,1,no
0,0,0.83630175,22.65,0,0,2.25,4,0,5.75,1,no
0,0,0.556066,14.95,0,0,1.475,9,1,3.25,1,no
0,0,1.80667,26.85,0,0,2.675,4,1,4,1,no
0,0,1.578731,25.6,0,0,2.575,4,0,3.25,1,no
0,0,1.27801575,24.35,0,0,2.425,5,1,2.75,1,no
0,0,1.139679,16.5,0,0,1.625,10,0,3,1,no
0,0,0.949256,17.3,0,0,1.75,4,0,3.75,1,no
0,0.010820813,1.15126725,17.45,2.5,0,2,9,1,4,1,no
0,0,1.5295325,45.15,0,0,4.525,4,1,6.75,1,no
0,0,0.627447,11.55,0,0,1.15,10,0,3.25,1,no
0,0,1.4732885,13.9,0,0,1.375,9,1,3.25,1,no
0,0,1.87126075,17.15,0,0,1.7,10,0,3,1,no
0,0,1.280461,14.3,0,0,1.425,2,0,2.75,1,no
0,0,1.00909575,21.35,0,0,2.15,3,0,7.5,1,no
0,0.006011181,2.3615475,22,2.5,0,2.45,5,1,1.25,1,no
0,0.137716338,0.77897975,19.2,2.5,0,2.15,3,1,5.5,1,no
0,0,1.08864525,20.95,0,0,2.1,10,0,3,1,no
0,0,2.60022,0,1.1,0,0.1,1,0,1,1,no
0,0,1.35367625,23.85,0,0,2.375,9,1,4.5,1,no
0.020178767,0,0.6927665,20.9,0,1,2.2,10,1,2.5,1,no
0,0,2.22093375,36.1,0,0,3.625,6,1,2.75,1,no
0,0,1.9254775,24.5,0,0,2.45,8,1,3,1,no
0,0,1.71521125,26.35,0,0,2.65,10,0,3,1,no
0.047497981,0.032324761,1.84227575,13.2,8.55,14.75,3.65,3,1,3,1,no
0.023458925,0.039989848,1.81929425,12.7,11.075,10.5,3.425,9,0,3,1,no
0,0,1.61814075,34.65,0,0,3.475,10,0,6,1,no
0,0,1.7827375,31.95,0,0,3.2,7,0,4.5,1,no
0,0,1.623260333,21.4,0,0,2.133333333,5,0,2.333333333,1,no
0,0,2.01368575,26.85,0,0,2.7,9,1,3.75,1,no
0,0,1.9782325,30.6,0,0,3.075,8,1,4.25,1,no
0.004633144,0.025564332,2.12970675,3.5,8.275,4.75,1.625,6,1,1.5,1,no
0,0,2.523635,27.15,0,0,2.725,6,0,1.75,1,no
0,0,1.24065225,25.9,0,0,2.575,3,1,3.5,1,no
0,0,2.05646075,25.8,0,0,2.6,1,0,3.25,1,no
0.004633144,0.012578597,2.00756425,3.45,5.35,3.25,1.175,7,0,1.25,1,no
0,0,1.787275,24.45,0,0,2.425,6,1,5.25,1,no
0,0,1.442874,22.7,0,0,2.25,4,0,3,1,no
0,0,1.27153675,15.8,0,0,1.575,2,0,5,1,no
0,0,1.448544,16,0,0,1.6,5,1,4.25,1,no
0,0,0.976467,20.65,0,0,2.05,9,1,4.75,1,no
0,0,1.7376885,28.55,0,0,2.85,5,1,3.75,1,no
0,0,1.39676075,24.4,0,0,2.45,8,1,2,1,no
0,0,1.336872,16.6,0,0,1.675,7,0,4,1,no
0,0,0.895305,17.4,0,0,1.7,10,0,5,1,no
0,0,1.4132975,18.55,0,0,1.875,10,0,4.5,1,no
0,0,0.98434525,15.55,0,0,1.55,10,0,3.25,1,no
0,0.010380178,1.3471905,17.55,5,0,2.25,1,0,3.75,1,no
0,0,1.2792265,21.7,0,0,2.15,3,1,5.25,1,no
0,0,0.991804,19.55,0,0,1.95,5,1,4.5,1,no
0,0,1.577497,39.05,0,0,3.9,10,1,5.75,1,no
0,0,0.9908235,28.45,0,0,2.825,10,1,5.5,1,no
0,0,1.6515525,21.15,0,0,2.1,2,1,2.75,1,no
0,0,1.09035,20.6,0,0,2.05,9,0,3,1,no
0,0,1.34928925,44.55,0,0,4.45,3,0,5.25,1,no
0,0.012578597,1.85669175,1.85,5.275,1,0.775,7,1,1,1,no
0,0,1.38113,35.35,0,0,3.525,9,0,4.5,1,no
0,0,1.14680325,15.3,0,0,1.525,8,1,3.75,1,no
0,0,1.545817,35.75,0,0,3.575,5,1,3,1,no
0,0,2.047472,35.7,0,0,3.575,3,0,6,1,no
0,0,1.8537575,17.7,0,0,1.775,4,1,1.5,1,no
0,0,1.717246,12.75,0,0,1.3,7,1,3.5,1,no
0,0,1.19888325,12.45,0,0,1.25,2,1,3.25,1,no
0,0,2.7724575,34.15,0,0,3.425,1,1,2.75,1,no
0,0,1.2290085,12.95,0,0,1.3,4,0,3.25,1,no
0,0,1.74776125,23.55,0,0,2.35,6,1,1.75,1,no
0,0,1.811492,18.3,0,0,1.85,10,0,3.25,1,no
0,0,1.59969,11.2,0,0,1.125,8,0,2,1,no
0,0,1.292539,25.1,0,0,2.5,10,1,6,1,no
0,0,2.513635,39.65,0,0,3.975,8,0,2,1,no
0,0,0.93361325,19.85,0,0,1.975,6,0,3.25,1,no
0,0,1.27708775,17.35,0,0,1.725,4,1,3.25,1,no
0.010041436,0,2.11434,0.55,0.075,2,0.2,1,0,1,1,no
0.067214353,0.026361149,1.581183,4.45,5.5,18.25,2.775,5,1,1,1,no
0,0,1.06530125,19.6,0,0,1.975,10,1,4,1,no
0.105702968,0.026361149,1.4879405,3.95,6.075,26.25,3.55,8,0,1,1,no
0,0,0.675912,12.25,0,0,1.225,9,0,5,1,no
0,0,1.566896,30.7,0,0,3.05,8,1,3.5,1,no
0,0,1.23931075,31.85,0,0,3.175,1,1,6,1,no
0,0,1.6895905,13.75,0,0,1.35,6,0,1.75,1,no
0,0.005219328,1.1684565,28.7,2.5,0,3.125,10,1,5.25,1,no
0,0,2.3896925,28.7,0.025,0,2.875,2,1,2,1,no
0,0,1.65069,39.8,0,0,4,10,1,4,1,no
0,0,2.176665,38,0,0,3.8,10,0,3.25,1,no
0,0,1.13353025,25.4,0,0,2.55,4,1,6.5,1,no
0,0,0.791451,17.9,0,0,1.8,8,1,5.5,1,no
0,0,0.85007,15.2,0,0,1.525,2,0,5,1,no
0,0,1.4436175,31.35,0,0,3.125,9,0,4.75,1,no
0,0,2.389625,29.4,0,0,2.95,8,0,2.5,1,no
0,0,1.332683,26.85,0,0,2.7,2,1,3.75,1,no
0,0,1.42980525,24.8,0,0,2.5,8,0,3.75,1,no
0,0,1.53604,23.55,0,0,2.35,2,0,6.75,1,no
0,0.009518425,1.212962,33.15,2.575,0.5,3.6,2,0,3.5,1,no
0,0,1.43449725,16,0,0,1.6,6,1,4.25,1,no
0,0,1.34727025,21.7,0,0,2.2,9,1,3.5,1,no
0,0,1.71643325,41.35,0,0,4.15,3,0,4.25,1,no
0,0,1.1770935,16.85,0,0,1.675,8,0,4.25,1,no
0,0,1.59125425,29.1,0,0,2.9,4,1,3.25,1,no
0,0,1.385411,28.55,0,0,2.85,3,0,3.75,1,no
0,0,0.963006,10.5,0,0,1.05,9,1,3.75,1,no
0,0,1.45676325,16.3,0,0,1.625,10,0,2.25,1,no
0,0,0.686238,13.85,0,0,1.375,10,0,3,1,no
0,0,1.554524,26.15,0,0,2.6,10,1,4,1,no
0,0,0.73999875,15,0,0,1.525,8,0,6.25,1,no
0,0,0.733588175,11.8,0,0,1.175,3,1,3,1,no
0,0,1.231835,22.3,0,0,2.225,2,1,2.5,1,no
0,0.034591727,0.7985215,20.6,2.5,0,2.3,4,1,5,1,no
0,0,0.704102925,11.25,0,0,1.125,5,1,2.75,1,no
0,0.034591727,0.8254295,20.55,2.5,0,2.3,10,1,5,1,no
0,0,2.35093,41.6,0.075,0,4.175,8,1,1.75,1,no
0,0,2.73185,42.2,0,0,4.2,7,1,10,1,no
0,0,1.046791,18.95,0,0,1.875,1,0,2.25,1,no
0,0,1.2867725,15.05,0,0,1.5,1,0,2.75,1,no
0,0,1.642788,19.7,0,0,1.975,9,1,2.75,1,no
0,0,0.64584175,12.55,0,0,1.25,10,0,5.75,1,no
0,0,1.0646325,21.15,0,0,2.1,9,1,3.5,1,no
0,0,1.162227,21.9,0,0,2.2,3,0,4,1,no
0,0,1.08185275,11.7,0,0,1.175,7,0,3,1,no
0,0,1.04075725,10.9,0,0,1.1,10,0,3.75,1,no
0,0,1.390959,18.65,0,0,1.875,8,0,2.5,1,no
0,0,1.14416725,14.7,0,0,1.475,6,1,3.75,1,no
0,0,2.116676,29.35,0,0,2.95,3,1,2.25,1,no
0,0,0.667635,18.45,0,0,1.85,10,0,4.75,1,no
0,0,1.3951055,23.4,0,0,2.325,1,0,4,1,no
0,0,1.4648785,28.15,0,0,2.825,9,1,2.5,1,no
0,0,0.772014,13.65,0.25,0,1.4,8,0,4.25,1,no
0,0,0.839529,12.85,0.25,0,1.325,9,1,4,1,no
0,0,2.2357925,31.9,0,0,3.2,7,0,5.25,1,no
0,0,1.25054275,13.95,0,0,1.375,7,0,2.75,1,no
0,0,2.096535,33.4,0,0,3.325,4,1,2.5,1,no
0,0,2.3139825,37.25,0,0,3.725,3,0,6.25,1,no
0,0,2.25813,28.2,0,0,2.8,10,0,2.25,1,no
0,0,1.049094,24.3,0,0,2.4,8,1,5,1,no
0,0,0.843521,27.2,0,0,2.725,5,0,6.25,1,no
0,0,0.96076025,21.25,0,0,2.125,2,1,5,1,no
0,0,0.739956,26.55,0,0,2.65,8,0,7.5,1,no
0,0,1.22110025,14.95,0,0,1.5,10,0,3.5,1,no
0,0,1.65462225,22.65,0,0,2.25,9,0,4.5,1,no
0,0,1.39028925,16.15,1,0,1.7,10,0,3,1,no
0,0,2.4302125,26,0,0,2.575,8,1,1.75,1,no
0.004639436,0.042801846,1.37919925,18.55,2.5,0.5,2.15,8,0,3,1,no
0,0,1.544271,23.7,0,0,2.375,5,0,3.75,1,no
0.004639436,0.042801846,1.27694975,19.25,2.5,0.5,2.2,9,1,3,1,no
0,0,1.454158,31.9,0,0,3.2,3,1,6.5,1,no
0,0,1.10549975,25.25,0,0,2.5,4,1,4.75,1,no
0,0,1.526151,23.4,0,0,2.35,1,1,3.75,1,no
0,0,0.9037565,17.8,0,0,1.775,7,0,3.5,1,no
0,0,1.5302255,29.95,0,0,3,8,0,4.5,1,no
0,0,1.45254,24.4,0,0,2.4,5,1,1,1,no
0,0,1.04805075,20,0,0,2,1,0,1.75,1,no
0,0,0.761504,20.8,0,0,2.1,3,1,3.25,1,no
0,0,1.04603725,17.5,0,0,1.775,9,0,4.25,1,no
0,0,1.35174475,17.95,0,0,1.775,8,1,2.25,1,no
0,0,1.786565,23.55,0,0,2.35,3,1,3.75,1,no
0,0,1.7442725,16.65,0,0,1.675,2,0,1.5,1,no
0,0.010549331,1.9064325,16.65,2.5,0,1.925,8,1,3,1,no
0,0,1.2354165,33.7,0,0,3.375,2,0,5,1,no
0,0.010549331,1.887045,18.9,2.5,0,2.15,4,0,3,1,no
0,0.005443405,1.21130625,20.9,2.5,0,2.35,10,1,2,1,no
0,0,1.21500425,37.5,0,0,3.775,9,1,3.75,1,no
0,0,1.625121,20.7,0,0,2.075,3,0,3.25,1,no
0,0,1.26937875,23.05,0,0,2.3,7,0,5.25,1,no
0,0,2.1508225,32.05,0,0,3.2,8,1,2.75,1,no
0,0,0.97828525,20.25,0,0,2.05,6,0,3.25,1,no
0,0,1.070166,18.8,0,0,1.9,6,0,3.75,1,no
0,0,2.170722,43.75,0,0,4.375,10,0,5.75,1,no
0,0,0.64955825,11.35,0,0,1.15,6,1,3.5,1,no
0,0,0.96410975,15.6,0,0,1.575,8,0,3.25,1,no
0,0,1.32241375,29,0,0,2.9,10,1,4.5,1,no
0,0,1.48842,28,0,0,2.8,8,0,5,1,no
0,0,1.7140425,25.95,0,0,2.6,3,1,2.25,1,no
0,0,2.14351,34.2,0,0,3.425,8,1,3.5,1,no
0,0,1.5575685,18.7,0,0,1.875,4,0,2,1,no
0,0,1.260623,16,0,0,1.6,7,1,1.75,1,no
0,0,0.91786,23.6,0,0,2.375,8,0,5.25,1,no
0,0,1.73314775,22.8,0,0,2.275,6,1,3.25,1,no
0,0,0.75906625,14.6,0,0,1.45,4,0,4.25,1,no
0,0,1.28262375,21,0,0,2.1,7,1,4.75,1,no
0,0,2.1246025,31.8,0,0,3.175,1,0,4.5,1,no
0,0,0.539947,13.6,0,0,1.35,9,1,4.25,1,no
0,0,1.6654915,20.6,0,0,2.05,4,1,2.75,1,no
0,0,1.2909595,15.4,0,0,1.525,3,1,2.5,1,no
0,0,0.99093,30.3,0,0,3.05,10,0,4.5,1,no
0,0,0.8026945,20.55,0,0,2.05,6,1,5.75,1,no
0,0,1.356705,21.6,0,0,2.15,9,1,2.5,1,no
0,0,1.233183333,27.33333333,0,0,2.733333333,2,1,3.333333333,1,no
0,0,1.8201355,27.1,0,0,2.725,2,1,3.5,1,no
0,0,0.87527,22.3,0,0,2.25,4,1,6.5,1,no
0,0,2.5273595,27.3,0,0,2.7,9,1,1.5,1,no
0,0,1.831934,14.9,0,0,1.475,8,0,3,1,no
0,0,0.89299725,13.55,0,0,1.35,7,0,5,1,no
0,0,1.4842595,18.3,0,0,1.825,7,1,3.25,1,no
0,0,1.59500125,20.45,0,0,2.05,10,0,2.5,1,no
0,0,2.281007,27.6,0,0,2.725,10,0,1.5,1,no
0,0,0.72508825,17.8,0,0,1.8,8,1,3.5,1,no
0,0,0.85663875,19.2,0,0,1.925,7,0,4.75,1,no
0,0,1.9577975,35.65,0,0,3.575,8,0,4.5,1,no
0,0,1.2668647,21.05,0,0,2.1,6,1,4.5,1,no
0,0,1.10789025,19.35,0,0,1.95,8,0,2.75,1,no
0,0,1.459385,19.2,0,0,1.9,10,1,2.25,1,no
0,0,1.055205333,29.8,0,0,3,7,1,4.666666667,1,no
0,0,1.2306547,21,0,0,2.1,5,0,4.25,1,no
0,0,1.52838,22.6,0,0,2.25,8,0,2,1,no
0,0,1.46822625,19.15,0,0,1.95,9,1,4.5,1,no
0,0,1.2934665,24.25,0,0,2.4,8,1,3.5,1,no
0,0,3.0577625,44.7,0,0,4.475,7,1,2.5,1,no
0,0,2.8583875,30.6,0,0,3.025,7,0,1,1,no
0,0,1.25172075,22.7,0,0,2.275,7,1,4,1,no
0,0,2.298485,34.15,0,0,3.4,7,1,3.25,1,no
0,0,2.03405225,29.5,0,0,2.95,10,1,3.75,1,no
0,0.009119766,2.2490025,21,2.5,0,2.35,8,1,1.75,1,no
0,0,1.04597425,14.95,0,0,1.475,8,1,4.5,1,no
0,0,0.66597775,19.25,0,0,1.925,9,1,3.5,1,no
0,0,0.737753,17.9,0,0,1.8,8,1,6.25,1,no
0,0,2.180515,23.85,0,0,2.375,7,1,1.5,1,no
0,0,0.79536025,20.1,0,0,2.025,5,0,6,1,no
0,0,1.4603,29.8,0,0,3,7,0,2,2,no
0,0,0.180046,2,0,0,0.2,10,1,2,2,no
0,0,0.790063,25.2,0,0,2.5,5,1,2,2,no
0,0,1.7345,33,0,0,3.3,4,1,2,2,no
0,0,0.596605,9.2,0,0,0.9,1,1,6,2,no
0,0,0.425402,13.2,0,0,1.3,3,0,4,2,no
0,0,0.765525,18.6,0,0,1.85,8,0,2,2,no
0,0,2.2224,62.3,0,0,6.25,4,1,7.5,2,no
0,0,0.4026835,11.2,0,0,1.1,4,0,4,2,no
0,0,0.454488,11.33333333,0,0,1.133333333,8,1,3.333333333,2,no
0,0,0.404528,15,0,0,1.5,6,1,2,2,no
0,0,0.48481925,9.25,0,0,0.925,5,1,3,2,no
0,0,0.99346375,17.6,0,0.5,1.8,10,0,1.75,2,no
0,0,2.12661,35.26666667,0,0,3.533333333,9,0,4,2,no
0,0,0.5414545,7.75,0,0,0.775,7,0,3,2,no
0,0,1.469855,15.65,0,0,1.55,10,0,3.25,2,no
0,0,0.7401395,15.95,0,0,1.625,8,0,4.75,2,no
0,0,1.559665,16.9,0,0,1.675,2,0,2.5,2,no
0,0,1.19945775,16.9,0,0,1.675,8,1,1.5,2,no
0,0,1.024922725,15.85,0,0,1.6,3,1,3,2,no
0,0,1.219174,21.7,0,0,2.2,4,0,2.5,2,no
0,0,0.875735225,15.3,0,0,1.55,7,0,3.25,2,no
0,0,1.78519675,26.6,0,0,2.65,2,0,3,2,no
0,0,1.212648,9.55,0,0,0.95,9,0,2.25,2,no
0,0,0.8647895,20.15,0,0,2.025,1,1,4.75,2,no
0,0,0.664300975,13.55,0,0,1.375,2,0,3.25,2,no
0,0,2.4425245,25.7,0,0,2.575,6,1,2.5,2,no
0,0.012118353,1.219616,32.4,2.525,0,3.5,1,1,6.25,2,no
0,0,1.17619575,24.5,0,0,2.45,8,0,3.5,2,no
0,0,0.81617575,13,0,0,1.3,8,0,2.5,2,no
0,0,1.09877,17.4,0,0,1.7,4,0,2,2,no
0,0,0.95565425,7.8,0,0,0.775,3,1,2.5,2,no
0,0,1.03035675,29.65,0,0,2.975,8,1,5.75,2,no
0,0,1.034073,15.15,0,0,1.5,7,0,1.5,2,no
0,0,1.4983375,13,0,0,1.3,3,0,1.25,2,no
0,0,1.6125125,26.3,0,0,2.625,1,0,1.5,2,no
0,0,1.193536,29,0,0,2.925,1,0,3.75,2,no
0,0,0.879661,14.3,0,0,1.425,4,0,4.25,2,no
0,0,0.7505955,6.75,0,0,0.7,9,0,3,2,no
0,0,0.88519325,16.05,0,0,1.6,7,0,5.75,2,no
0,0,2.5866475,18.45,0,0,1.85,9,0,1.25,2,no
0,0,1.27898025,15.95,0,0,1.6,3,0,3.25,2,no
0,0,1.11416825,15.05,0,0,1.5,3,0,4.25,2,no
0,0,2.0452775,18.95,0,0,1.9,7,1,1.5,2,no
0,0,1.66303325,16.55,0,0,1.65,9,0,1.5,2,no
0,0.013734818,1.054888,25.15,2.525,0,2.775,2,0,5.75,2,no
0,0,0.96805,14.73333333,0,0,1.466666667,3,1,3.333333333,2,no
0,0.013734818,1.316305,32.5,2.55,0,3.525,10,1,6,2,no
0,0,0.957823,19.05,0.275,0,1.95,4,0,3.25,2,no
0,0,1.36406975,15,0,0,1.5,2,0,1.75,2,no
0,0.013734818,1.27584425,26.1,2.55,0,2.875,2,0,4,2,no
0,0,0.470685,11.65,0,0,1.15,6,1,5,2,no
0,0.02244739,1.581235,35.4,5,0,4.05,9,1,4.25,2,no
0,0,1.428046,15.15,0,0,1.55,2,0,2.5,2,no
0,0,0.58628375,11.05,0,0,1.1,1,0,5,2,no
0,0,0.81921525,9.1,0,0,0.925,10,0,2.5,2,no
0,0,1.10913475,27.35,0,0,2.725,7,1,4.5,2,no
0,0,1.14794875,30.55,0,0,3.05,5,0,2.75,2,no
0,0,0.9179225,17.05,0,0,1.7,10,1,5.25,2,no
0,0,1.205161,15.6,0,0,1.575,6,0,2.5,2,no
0,0,1.1682175,26.95,0,0,2.7,9,0,3.75,2,no
0,0,1.04002375,14,0,0,1.4,1,1,2.5,2,no
0,0,0.79212425,20.7,0,0,2.1,5,1,5.75,2,no
0,0,1.56198875,23.85,0,0,2.375,10,1,4,2,no
0,0,2.160486,23.9,0,0,2.4,8,0,3.25,2,no
0,0,1.6247025,15.45,0,0,1.55,4,1,2.75,2,no
0,0,1.37733275,25.6,0,0,2.575,3,0,4.5,2,no
0,0,1.556079,25.3,0,0,2.5,10,1,5,2,no
0,0.010274003,1.140537,26.65,2.5,0,2.95,7,0,6.75,2,no
0,0,0.6488435,5.5,0,0,0.525,2,1,1.25,2,no
0,0,1.32523875,27.25,0,0,2.75,2,1,2,2,no
0,0,1.71981825,29.7,0,0,2.975,7,0,4.5,2,no
0,0,1.502466,38.15,0,0,3.85,1,0,3,2,no
0,0,1.47360325,28.9,0,0,2.875,8,1,4.25,2,no
0,0.006981393,1.85532625,31.7,2.5,0,3.425,9,0,3.75,2,no
0,0,0.903232,13.05,0,0,1.325,1,0,2.5,2,no
0,0,0.93844875,8.35,0,0,0.825,9,0,1.75,2,no
0,0,1.28170575,20.85,0,0,2.05,9,1,6.25,2,no
0,0,0.893443,17.95,0,0,1.8,10,0,5.25,2,no
0,0,0.91242375,23.85,0,0,2.4,1,0,7.25,2,no
0,0,0.83329775,21.95,0,0,2.2,8,1,5.75,2,no
0,0,1.09521425,35.5,0,0,3.55,9,0,6,2,no
0,0,1.34574725,29.1,0,0,2.9,6,0,3,2,no
0,0,0.8023255,16,0,0,1.6,6,1,3.75,2,no
0,0,1.30005075,27.55,0,0,2.725,3,0,6.25,2,no
0,0,1.1265275,25.75,0,0,2.575,4,1,6.25,2,no
0,0,0.6300695,6.35,0,0,0.6,8,0,3.75,2,no
0,0,1.33448075,25.65,0,0,2.55,9,1,4.25,2,no
0,0,1.50500825,30.25,0,0,3.025,9,0,4.25,2,no
0,0,1.248654,21.65,0,0,2.175,10,1,6.5,2,no
0,0.00905408,1.17122225,21.75,2.5,0,2.425,2,1,2.75,2,no
0,0.00905408,1.239634,16.9,2.5,0,1.95,5,0,1.5,2,no
0,0,1.694695,22.9,0,0,2.275,5,1,1.5,2,no
0,0,0.87924375,20,0,0,2.025,1,0,4.5,2,no
0,0,1.13063375,25.25,0,0,2.55,6,1,2,2,no
0,0,2.1209675,23.15,0,0,2.325,1,1,1.5,2,no
0,0,1.989305,24.4,0,0,2.45,9,1,3.5,2,no
0,0,1.33531025,20.25,0,0,2.025,8,1,3,2,no
0,0,1.052628,28.75,0,0,2.875,7,1,5.5,2,no
0,0,0.8807445,9.2,0,0,0.925,3,1,4.75,2,no
0,0.04035705,2.010495,35.65,2.5,0,3.825,4,0,3.5,2,no
0,0,1.63715075,30,0,0,3,10,0,4,2,no
0,0,2.23549,24.2,0,0,2.425,8,0,2,2,no
0,0,0.83622,28.5,0,0,2.85,7,1,5.5,2,no
0,0.04035705,1.8730375,32.45,2.5,0,3.5,5,0,3.25,2,no
0,0,2.11546325,33.65,0,0,3.375,8,0,4,2,no
0,0,1.89876,40.25,0,0,4,8,0,4.5,2,no
0,0.00525568,1.410202,16.1,2.5,0,1.85,3,1,2.5,2,no
0,0.086169355,0.75924375,7,2.5,0,0.95,3,0,3.75,2,no
0,0,0.7745105,24.35,0,0,2.425,10,0,5,2,no
0,0,2.0559095,17,0,0,1.7,8,0,4,2,no
0,0.086169355,1.023999,7.95,2.5,0,1.025,7,1,2.75,2,no
0,0,1.972564,26.75,0,0,2.675,1,0,3.25,2,no
0,0,2.1447545,18.6,0,0,1.875,3,1,4,2,no
0,0,0.80061975,7.25,0,0,0.7,9,0,2.75,2,no
0,0,0.9200075,27,0,0,2.675,8,0,5,2,no
0,0,2.81085,28.26666667,0,0,2.833333333,4,0,1.333333333,2,no
0,0.010888341,1.2238275,8.25,2.5,0,1.075,5,0,2.5,2,no
0,0,1.02800975,11.4,0,0,1.125,7,1,3,2,no
0,0,1.25324425,22.75,0,0,2.25,1,1,3.25,2,no
0,0,2.419505,27.25,0,0,2.725,6,1,1.5,2,no
0,0,1.22533225,30.5,0,0,3.05,10,1,6.25,2,no
0,0,1.147279,22.9,0,0,2.275,5,0,4.5,2,no
0,0.059109699,0.6103305,16.4,5,0,2.15,8,1,8,2,no
0,0.00525568,1.497922,19.45,2.5,0,2.2,1,1,2.75,2,no
0,0.014132422,1.24524325,24.5,2.75,0,2.75,9,1,3,2,no
0,0,0.8156565,14.5,0,0,1.425,9,1,3.75,2,no
0,0.039406466,0.990833667,13,3.333333333,0,1.633333333,5,0,6,2,no
0,0.006842175,1.6464255,22,2.5,0,2.45,10,0,4.75,2,no
0,0,1.20691025,17.05,0,0,1.675,4,0,1.75,2,no
0,0.029554849,0.97189725,12.3,2.5,0,1.475,6,0,5,2,no
0,0,1.985028,38.2,0,0,3.85,10,1,4.75,2,no
0,0,1.05920425,12.35,0,0,1.2,1,1,1.75,2,no
0,0,0.89282125,11.75,0,0,1.2,9,0,3.25,2,no
0,0.002778643,1.31504475,24.6,2.5,0,2.7,9,0,6,2,no
0,0,1.9616335,34.2,0,0,3.45,6,1,2,2,no
0,0,1.71749025,18.5,0,0,1.875,7,0,3,2,no
0,0,1.06222625,28.95,0,0,2.9,10,1,5.25,2,no
0,0,0.58553975,14.75,0.025,0,1.45,10,0,3.5,2,no
0,0,1.5238905,19.7,0,0,1.975,4,1,2,2,no
0,0,1.86085575,14.5,0,0,1.475,4,0,2,2,no
0,0,1.28150975,21.45,0,0,2.15,2,1,6,2,no
0,0,1.29692375,26.45,0,0,2.625,5,1,4.5,2,no
0,0,1.314068,35.15,0,0,3.525,3,1,2.75,2,no
0,0,1.667822,27.15,0,0,2.675,10,1,4.25,2,no
0,0,1.20963925,21.3,0,0,2.125,9,1,6.25,2,no
0,0,2.04386125,38.25,0,0,3.8,1,1,3.25,2,no
0,0,1.3639135,26.2,0,0,2.625,2,1,4.5,2,no
0,0,2.104755,39.95,0,0,4,8,0,5.25,2,no
0,0,1.2349435,27.75,0,0,2.775,5,0,6.25,2,no
0,0,1.49121625,15.6,0,0,1.55,9,0,2.25,2,no
0,0,1.51083575,21.7,0,0,2.175,1,1,5.5,2,no
0,0,0.49576625,14.55,0,0,1.45,4,1,3.75,2,no
0,0,1.393275,33.4,0,0,3.35,10,1,6.25,2,no
0,0,2.2269575,28.15,0,0,2.8,9,1,2,2,no
0,0,1.664127,19.55,0,0,1.975,9,1,3.75,2,no
0,0,1.2622735,35.6,0,0,3.575,2,0,6.75,2,no
0,0,1.52925825,27.7,0,0,2.775,3,0,3.75,2,no
0,0,1.246465,29.2,0,0,2.925,9,0,4.5,2,no
0,0,0.99040925,22,0,0,2.2,2,1,5.25,2,no
0,0,1.6978395,21.2,0,0,2.125,5,0,2.75,2,no
0,0,1.453685,28.9,0,0,2.9,5,1,2.75,2,no
0,0,1.6297,13.86666667,0,0,1.366666667,9,1,3,2,no
0,0,1.21166575,25.1,0,0,2.5,1,0,3.25,2,no
0,0,1.3228995,14.5,0,0,1.45,10,1,2.75,2,no
0,0.099001721,1.3246975,31.7,2.5,0,3.425,8,0,6.5,2,no
0,0,0.8668365,18.7,0,0,1.875,5,1,2.5,2,no
0,0,1.5489075,11.8,0,0,1.175,3,1,2.75,2,no
0,0,1.03347375,18.7,0,0,1.875,9,0,6.5,2,no
0,0,1.1586555,25.55,0,0,2.55,9,1,3,2,no
0,0,2.056415,31.45,0,0,3.15,6,1,2.25,2,no
0,0.099001721,1.50355,24,2.5,0,2.65,4,0,4.75,2,no
0,0,1.50575025,31.85,0,0,3.2,5,0,5.25,2,no
0,0,0.7802715,23.55,0,0,2.375,2,1,6.75,2,no
0,0,1.4150055,31.1,0,0,3.1,5,1,3.5,2,no
0,0,1.0255435,17.8,0,0,1.775,9,0,3,2,no
0,0,1.40448825,8.4,0,0,0.85,7,0,1.5,2,no
0,0,1.276681,29.9,0,0,3,1,0,4,2,no
0,0,1.358167,17.35,0.025,0,1.75,1,1,3.25,2,no
0,0,1.71995,26.8,0,0,2.7,5,0,9,2,no
0,0,1.40513625,22.9,0,0,2.3,9,0,4,2,no
0,0.00461169,1.59071225,20.1,2.5,0,2.25,4,1,3,2,no
0,0,1.9550425,25.4,0,0,2.525,10,1,2,2,no
0,0,0.52499525,17.25,0,0,1.725,7,1,5.25,2,no
0,0,1.22913275,38.5,0,0,3.85,1,0,5.5,2,no
0,0,1.94887975,27.5,0,1,2.85,8,0,2.25,2,no
0,0,0.80800575,21.25,0,0,2.125,9,1,4.5,2,no
0,0,0.370326,18.85,0,0,1.875,5,0,5.5,2,no
0,0,0.97018825,33.3,0,0,3.325,10,1,5.5,2,no
0,0,1.7245095,24.95,0,0,2.5,1,0,3.25,2,no
0,0,0.98386775,14.3,0,0,1.45,5,1,4,2,no
0,0.00461169,1.500318,20.85,2.5,0,2.325,10,0,4.5,2,no
0,0,1.579961,21.25,0,0,2.125,9,1,3,2,no
0,0,0.93001725,17.9,0,0,1.775,9,1,4.5,2,no
0,0,1.36813575,16.95,0,0,1.7,8,0,2.75,2,no
0,0,0.58196375,19.45,0,0,1.95,10,0,4,2,no
0,0,1.213413,21.15,0,0,2.125,1,0,5,2,no
0,0,0.888345,12.5,0,0,1.225,6,0,3.75,2,no
0,0,1.696456,21.4,0,0,2.15,5,0,3,2,no
0,0,0.85979,7.65,0,0,0.75,8,1,3.75,2,no
0,0,1.12160575,30.1,0,0,3.025,8,1,4.25,2,no
0,0,0.8212975,7.7,0,0,0.775,7,0,4,2,no
0,0,1.38284825,31.6,0,0,3.175,1,0,2.5,2,no
0,0,1.39400025,24.55,0,0,2.45,8,1,4.25,2,no
0,0.009362088,1.14644075,16.65,2.5,0,1.9,7,1,4,2,no
0,0,2.1010275,32.95,0,0,3.325,8,1,4,2,no
0,0,0.93425025,4.45,0,0,0.45,1,1,3,2,no
0,0,0.646524,22,0,0,2.2,7,0,5,2,no
0,0,0.87974,26.85,0,0,2.675,3,1,4.5,2,no
0,0,1.84459975,27,0,0,2.7,1,0,4.25,2,no
0,0.009362088,0.89221925,21.75,2.5,0,2.425,8,0,4,2,no
0,0,1.29326625,12.45,0,0,1.25,1,0,4.5,2,no
0,0,1.180457,21.5,0,0,2.125,3,1,4.5,2,no
0,0,0.5857925,21.65,0,0,2.15,10,1,5.25,2,no
0,0,1.357571,22.35,0,0,2.225,5,1,2.75,2,no
0,0,0.88509125,16.25,0,0,1.625,1,0,4.25,2,no
0,0,0.895219,17.7,0,0,1.75,9,1,3.5,2,no
0,0,1.44022625,26.9,0,0,2.7,8,1,6.75,2,no
0,0,1.2610235,20.7,0,0,2.05,5,1,2.75,2,no
0,0,0.625531,12.1,0,0,1.2,7,0,6,2,no
0,0,1.830215,20.75,0,0,2.075,6,1,3,2,no
0,0,1.01577125,18.95,0,0,1.9,3,0,5,2,no
0,0,1.10062725,22.9,0,0,2.3,9,1,5,2,no
0,0.006011181,1.6471425,32.55,2.5,0,3.5,2,1,3,2,no
0,0.003011776,1.757572,18.85,2.5,0,2.125,7,1,1.75,2,no
0,0.003011776,1.55781875,21.4,2.5,0,2.4,3,0,2,2,no
0,0,1.26695225,22.9,0,0,2.3,1,1,4,2,no
0,0,0.93134525,24.35,0,0,2.425,6,1,5.25,2,no
0,0,1.0107255,17.95,0,0,1.8,8,0,4.25,2,no
0,0,1.29852025,35.75,0,0,3.55,9,1,5.75,2,no
0,0,0.746099,21.3,0,0,2.125,7,0,5.75,2,no
0,0,0.42903225,24.25,0,0,2.4,1,1,4.25,2,no
0,0.137716338,0.971037,24.35,2.5,0,2.675,5,1,5.75,2,no
0,0,1.86015525,25.2,0,0,2.525,4,1,3,2,no
0,0,2.7382165,30.15,0,0,3.025,10,1,3.5,2,no
0,0,1.15370375,26,0,0,2.6,6,1,4.25,2,no
0,0,1.76945425,28.25,0,0,2.85,4,0,2.5,2,no
0,0,3.165104,32.8,0,0,3.275,5,0,3.25,2,no
0,0.14422113,1.27149875,23.1,5,0,2.825,7,0,4,2,no
0.057153116,0.025785369,1.404574333,14.66666667,7.766666667,14.66666667,3.7,9,0,3,2,no
0,0.14422113,1.0352795,17.85,5,0,2.3,5,1,4.25,2,no
0.042864837,0.032324761,1.72129325,11.55,8.75,12.5,3.275,10,1,2.75,2,no
0,0.141403928,0.80832225,18.3,2.5,0,2.1,6,0,4.5,2,no
0,0,1.63695375,21.45,0,0,2.15,8,0,2.25,2,no
0.020178767,0,1.3776685,21.45,0,1,2.25,1,1,1.25,2,no
0,0.002620724,1.0575485,19.2,2.5,0,2.175,9,1,3.75,2,no
0,0,3.1199,44.46666667,0,0,4.433333333,7,0,4.333333333,2,no
0,0,1.45028325,23.45,0,0,2.325,6,1,3.75,2,no
0,0,1.9953375,32.95,0,0,3.3,4,0,4.5,2,no
0,0,1.65493375,19.4,0,0,1.95,9,1,2.75,2,no
0,0,1.84104325,37.8,0,0,3.775,1,1,6,2,no
0,0.002620724,1.3760035,22.1,2.5,0,2.45,3,0,2,2,no
0,0,0.9128165,15,0,0,1.475,6,0,3,2,no
0,0,1.968645,24,0,0,2.4,6,1,2.5,2,no
0,0.002620724,1.31028225,26.5,2.5,0,2.875,10,1,2,2,no
0,0,1.323044,20.5,0,0,2.05,8,0,1.25,2,no
0,0,1.26064475,25.75,0,0,2.55,9,1,5,2,no
0,0,1.39628075,24.95,0,0,2.475,2,1,4,2,no
0,0.007006895,1.28957925,27,5,0,3.175,5,0,2,2,no
0,0,1.7453315,22.2,0,0,2.225,6,1,1.5,2,no
0,0,1.41417675,33.1,0,0,3.3,2,1,8.5,2,no
0,0,1.40550175,15.7,0,0,1.575,9,0,2.5,2,no
0,0.004386171,0.91683325,18.5,2.5,0,2.075,6,1,3,2,no
0,0,1.65799425,15.7,0,0,1.575,9,1,1.5,2,no
0,0,1.0766485,34.5,0,0,3.45,9,1,7.25,2,no
0,0,1.44177875,19.4,0,0,1.925,2,0,4.5,2,no
0,0,1.51658825,24.95,0,0,2.525,8,1,3,2,no
0,0,1.29002625,20.2,0,0,2.025,9,1,2.25,2,no
0,0.004386171,1.18883375,18.4,2.5,0,2.075,2,1,3,2,no
0,0,1.3080915,31.9,0,0,3.2,10,0,6.5,2,no
0,0,1.53268825,24.8,0,0,2.5,9,0,2,2,no
0,0,1.3300535,22,0,0,2.2,8,0,2.25,2,no
0,0,2.1459775,19.4,0,0,1.925,7,0,3.25,2,no
0,0,1.1373015,18.3,0,0,1.825,8,0,2.75,2,no
0,0,1.11270925,11.95,0,0,1.175,6,0,4.75,2,no
0,0,0.84715875,21.55,0,0,2.15,3,0,3.5,2,no
0,0,1.80935675,34.35,0,0,3.425,9,0,5.75,2,no
0,0,1.6870645,16.15,0,0,1.625,10,0,4,2,no
0,0,1.11386075,17.3,0,0,1.725,5,0,3.5,2,no
0,0,0.98734525,18.75,0,0,1.875,3,1,3.25,2,no
0,0,1.86864425,33.25,0,0,3.3,8,0,3.75,2,no
0,0,1.55415,17.3,0.075,0,1.75,3,1,1.75,2,no
0,0,1.71546325,25.4,0,0,2.55,5,1,4.75,2,no
0,0,1.5390425,25.75,0,0,2.575,6,1,2.25,2,no
0,0,0.97228775,16.2,0,0,1.625,2,0,3.25,2,no
0,0,2.2649475,17.1,0,0,1.7,3,0,1,2,no
0,0,1.42237,23,0,0,2.3,10,1,2.25,2,no
0,0,1.9676275,17.2,0,0,1.725,2,0,1,2,no
0,0,1.2668345,14.75,0,0,1.475,2,1,4,2,no
0,0.01354342,1.39633325,24.75,2.5,0,2.725,3,0,3.75,2,no
0,0,0.655851,31.2,0,0,3.1,6,0,9,2,no
0,0.01354342,1.88739,27.85,2.5,0,3.025,2,1,4,2,no
0,0,1.3055825,25.55,0,0,2.55,8,1,4.75,2,no
0,0,1.9589525,25.3,0,0,2.525,6,0,2,2,no
0,0,0.6476035,26.5,0,0,2.65,10,1,5.5,2,no
0,0,1.806587,26.85,0,0,2.675,9,0,3,2,no
0,0.010380178,1.3393805,18.7,5,0,2.35,1,1,3.5,2,no
0,0,1.750345,26.8,0,0,2.675,7,1,2.5,2,no
0,0,1.187235667,22.26666667,0,0,2.233333333,8,0,4.333333333,2,no
0,0,1.4154985,26.7,0,0,2.675,3,0,4,2,no
0,0.01354342,1.38954775,27.25,2.5,0,2.975,4,0,4,2,no
0,0,1.8273175,22.8,0,0,2.275,5,1,2.25,2,no
0,0,1.7107795,23.65,0,0,2.35,2,1,3,2,no
0,0,1.04798475,39.9,0,0,3.975,5,1,5.25,2,no
0,0,1.032229,16.4,0,0,1.625,10,0,3,2,no
0,0,1.32758425,25.2,0,0,2.525,10,1,3.25,2,no
0,0,1.39840925,23.05,0,0,2.325,9,0,3,2,no
0,0,1.4820925,28.2,0,0,2.8,5,0,5,2,no
0,0,0.850791,45.8,0,0,4.6,8,0,11,2,no
0,0,1.215584,17.6,0,0,1.75,2,1,1.25,2,no
0,0,1.62463175,39.65,0,0,3.975,9,0,4.5,2,no
0,0,1.535157,15.35,0,0,1.525,2,0,2.5,2,no
0,0,1.372915,17.05,0,0,1.7,5,0,1.25,2,no
0,0,1.33991,14.55,0,0,1.45,1,1,1,2,no
0,0,2.1804575,33.95,0,0,3.4,2,0,3,2,no
0,0,1.0748075,15.75,0,0,1.575,3,0,1.25,2,no
0,0,2.87477,37.4,0,0,3.75,9,0,2.25,2,no
0,0,1.4253325,8.25,0,0,0.825,5,1,0.75,2,no
0.014702491,0,1.57096475,17.7,0,1,1.875,4,0,1.25,2,no
0,0,0.586565225,18.15,0,0,1.8,1,0,7.25,2,no
0,0,1.29273825,29.45,0,0,2.95,10,1,3.5,2,no
0,0,1.9895975,27.1,0,0,2.675,5,1,5,2,no
0,0.006526821,2.0965875,14,2.5,1,1.75,5,1,0.75,2,no
0,0,2.30326,33.25,0,0,3.35,6,1,1.75,2,no
0.014702491,0,1.703367,11.15,0,1,1.2,9,0,2.5,2,no
0,0,1.62310575,34.05,0,0,3.4,8,0,3.75,2,no
0,0,1.02524125,19.25,0,0,1.925,2,0,3.75,2,no
0,0,1.572597,27.05,0,0,2.725,6,0,6.25,2,no
0,0,1.4279635,26.65,0,0,2.625,7,0,3.5,2,no
0,0,1.61543275,13.85,0,0,1.375,1,1,2.75,2,no
0,0,1.764145,28.55,0,0,2.85,4,1,3.75,2,no
0,0,1.13162375,16.2,0,0,1.625,7,1,3,2,no
0,0,2.06703,33.25,0.025,0,3.325,8,0,2,2,no
0,0,1.41526575,12.85,0,0,1.275,10,1,1.75,2,no
0,0,1.09714125,13.1,0,0,1.325,1,0,2.75,2,no
0,0,1.3144055,25.05,0,0,2.5,7,1,4.75,2,no
0,0,2.0254815,29.1,0,0,2.9,1,0,3.5,2,no
0,0,1.24169825,25.2,0,0,2.525,5,0,5.25,2,no
0,0,0.762593667,12.53333333,0,0,1.266666667,9,0,4,2,no
0,0.073243953,1.04512675,28.8,2.5,0,3.15,2,1,4.75,2,no
0,0.015334839,1.701308,37.9,5.075,0.5,4.35,10,1,4.5,2,no
0,0,1.966115,25.25,0,0,2.525,1,0,2.5,2,no
0,0,0.9457285,13.95,0,0,1.4,2,0,3.75,2,no
0,0,1.39872,19.45,0,0,1.95,10,0,3.25,2,no
0,0,1.14645225,13.2,0,0,1.325,9,0,3,2,no
0,0,2.24179,30.1,0,0,3,2,1,2.25,2,no
0,0,0.7502725,21.5,0,0,2.125,3,0,5.5,2,no
0,0,1.08012225,27.55,0,0,2.725,8,0,5.5,2,no
0,0,1.20841725,13.6,0,0,1.35,7,0,4,2,no
0,0.12385653,2.26321,30.4,2.5,0,3.3,3,1,3.75,2,no
0,0.12385653,1.804935,33.2,2.5,0,3.575,7,0,4,2,no
0,0,1.244153,13.65,0,0,1.35,8,1,3.25,2,no
0,0,1.638084,21.25,0,0,2.125,6,0,3,2,no
0,0,1.12644725,30.35,0,0,3.025,3,0,3.75,2,no
0,0,1.57219625,30.65,0,0,3.075,1,1,3.5,2,no
0,0,0.92725275,25.55,0,0,2.55,1,0,4.5,2,no
0,0,1.842875,21.65,0,0,2.15,10,0,2.25,2,no
0,0,2.2571825,24.65,0,0,2.45,7,0,2.25,2,no
0,0,1.3197535,26.2,0,0,2.625,8,1,3.5,2,no
0,0,1.577546,24.4,0,0,2.45,3,0,4.5,2,no
0,0.100015312,1.73076275,39.1,2.5,0,4.175,5,0,3.5,2,no
0,0,2.0073625,28.3,0,0,2.8,10,1,2.25,2,no
0,0,0.82521975,24.05,0,0,2.375,8,1,4.5,2,no
0,0,1.96917075,18.65,0,0,1.85,5,1,2,2,no
0,0,1.32796175,22.35,0,0,2.225,8,0,3,2,no
0,0,1.3742825,27.25,0,0,2.725,3,1,3,2,no
0,0,0.60355175,18.4,0.75,0,1.925,5,0,3.25,2,no
0,0,1.6575585,28.65,0,0,2.875,2,1,3.5,2,no
0,0,0.9946265,24.75,0,0,2.45,9,0,3.5,2,no
0,0,2.10814325,22.95,0,0,2.3,7,0,2,2,no
0,0,0.649394,16,0.75,0,1.675,1,1,3.25,2,no
0,0.100015312,1.69771275,34.35,2.5,0,3.7,3,0,3.5,2,no
0,0,2.00976325,19.3,0,0,1.925,1,1,1.5,2,no
0,0,0.9867385,15,0.75,0,1.575,8,0,1.75,2,no
0,0,0.66157225,13.95,0,0,1.4,5,1,6.75,2,no
0,0.100015312,1.2130325,33.3,2.5,0,3.575,2,1,3.5,2,no
0,0,1.16269875,17.15,0,0,1.725,4,0,6,2,no
0,0,1.89059625,22.05,0,0,2.2,1,1,1.75,2,no
0,0.100015312,1.25869225,38.2,2.5,0,4.075,9,0,3.5,2,no
0,0,0.7989095,10.25,0,0,1.025,2,0,5,2,no
0,0,1.21053625,23.2,0,0,2.3,10,0,2.25,2,no
0,0,0.86892725,10.6,0,0,1.05,1,1,4,2,no
0,0,1.36750575,41.4,0,0,4.15,10,1,4.5,2,no
0,0,2.09532575,29.05,0,0,2.9,6,1,4,2,no
0,0,2.561635,38.75,0.075,0,3.9,5,1,1.5,2,no
0,0,0.874289,16.5,0,0,1.65,1,1,6,2,no
0,0,1.39843275,25.4,0,0,2.55,7,1,4.25,2,no
0,0,1.56214225,33.25,0,0,3.325,3,1,8.5,2,no
0,0,1.689457,31.85,0,0,3.175,9,0,4.5,2,no
0,0,1.658652,25.55,0,0,2.575,3,0,4.25,2,no
0,0,2.5236875,39.1,0.075,0,3.925,1,0,4,2,no
0,0,0.8952285,25.25,0,0,2.525,4,1,3.75,2,no
0,0,0.984578,10.9,0,0,1.1,5,0,2.5,2,no
0,0,1.5290005,16.85,0,0,1.675,2,1,2.75,2,no
0,0,0.7709605,9.3,0,0,0.925,10,0,5.25,2,no
0,0,2.8426225,32,0,0,3.2,6,0,3.75,2,no
0,0,1.04692,22.05,0,0,2.2,10,0,5,2,no
0,0,0.878275,15.35,0,0,1.525,5,1,2.75,2,no
0,0,1.3668505,20.15,0,0,2,9,0,3.25,2,no
0,0,1.063344,19.55,0,0,1.95,4,0,4.75,2,no
0,0,2.6373085,41.6,0,0,4.175,6,0,3,2,no
0,0,1.344872,20.45,0,0,2.05,10,0,2.75,2,no
0,0,1.0969525,15.5,0,0,1.575,5,1,2.25,2,no
0,0,1.56628575,27.2,0,0,2.725,1,1,3.75,2,no
0,0,1.73550725,24.6,0,0,2.45,10,1,5.75,2,no
0,0,1.7640725,27.7,0,0,2.775,5,1,2.75,2,no
0,0,2.06575725,24.35,0,0,2.425,3,1,4.25,2,no
0,0,1.56305075,25.35,0,0,2.525,6,1,4.5,2,no
0,0,2.0266825,41.8,0,0,4.175,5,0,7.5,2,no
0,0,1.67688,27.5,0,0,2.75,5,0,2.5,2,no
0,0,1.49416325,28.4,0,0,2.825,2,1,7.5,2,no
0,0,1.4836045,23.4,0,0,2.325,4,1,2.75,2,no
0,0,1.99381225,31,0,0,3.1,10,0,4.5,2,no
0,0,2.10971,21.3,0,0,2.15,2,0,5.25,2,no
0,0,1.66629125,24.6,0,0,2.45,5,1,5.25,2,no
0,0,1.53592825,27.35,0,0,2.725,3,1,6.5,2,no
0,0,1.87238225,24.5,0,0,2.45,10,0,3,2,no
0,0,1.4397845,18.9,0,0,1.875,3,0,4,2,no
0,0,2.0604075,34.55,0,0,3.45,9,1,3.25,2,no
0,0,0.73813975,18.3,0.25,0,1.85,2,0,3,2,no
0,0,2.3127275,26.8,0,0,2.7,5,1,2,2,no
0,0,1.47647125,29.05,0,0,2.9,1,0,4,2,no
0,0,0.990887925,9.9,0,0,0.975,2,1,1.5,2,no
0,0,2.11597,36.15,0,0,3.6,10,0,3,2,no
0,0,1.33686375,26.2,0,0,2.625,8,1,6.75,2,no
0,0,1.88005575,22.3,0,0,2.25,7,0,2,2,no
0,0,1.06146275,9.9,0,0,0.975,9,0,1.75,2,no
0,0,1.05830475,20,0,0,2,8,0,6,2,no
0,0,3.047745,17.1,0,0,1.75,9,1,0.5,2,no
0,0,1.20170025,17.6,0,0,1.75,7,1,4.25,2,no
0,0,1.76204325,18.3,0,0,1.85,8,0,2,2,no
0,0,1.43614325,26.15,0,0,2.6,2,1,4.75,2,no
0,0,1.33065,7.8,0,0,0.8,9,0,1,2,no
0,0,1.525013,13.45,0,0,1.325,1,0,4.25,2,no
0,0,1.42386,24.6,0,0,2.475,8,1,5.5,2,no
0,0,1.78791325,15.55,0,0,1.575,9,1,2,2,no
0,0,0.98796325,21.95,0,0,2.2,2,0,5,2,no
0,0,1.94126075,28.3,0,0,2.8,9,0,2,2,no
0,0,1.2186515,22.85,0,0,2.275,8,0,4.5,2,no
0,0,0.86784075,7.5,0,0,0.75,3,1,4.5,2,no
0,0,0.8448835,15.4,0,0,1.55,9,1,5,2,no
0,0,0.74136625,11.05,0,0,1.1,5,1,3.75,2,no
0,0,1.9555375,19.8,0,0,1.975,1,0,1.75,2,no
0,0,1.48395975,24.4,0,0,2.425,3,1,4.25,2,no
0,0.005467205,1.12969,25.2,2.5,0,2.775,8,0,6,2,no
0,0,1.24883025,17.3,0,0,1.75,2,1,3,2,no
0,0,1.37087525,23.05,0,0,2.3,1,1,3.25,2,no
0,0,1.7304915,24.4,0,0,2.425,9,1,2.25,2,no
0,0,1.124431,18.05,0,0,1.775,3,1,4.25,2,no
0,0.005467205,1.6418775,23.35,2.5,0,2.575,5,1,3.75,2,no
0,0,0.81371775,24.6,0,0,2.45,4,0,7.25,2,no
0,0,1.5331795,16.05,0,0,1.625,2,1,2,2,no
0,0,2.2552165,25.15,0,0,2.5,10,1,2.75,2,no
0,0,2.116635,25.15,0,0,2.5,8,1,2,2,no
0,0,0.85762475,20.45,0,0,2.025,4,0,3.25,2,no
0,0.008999319,1.6201625,37.05,2.5,0,3.95,5,0,4.5,2,no
0,0,1.287675,29.65,0,0,2.95,8,1,6,2,no
0,0,1.036806,22.15,0,0,2.2,3,0,4.5,2,no
0,0,3.15412,17.8,0,0,1.8,2,1,1,2,no
0,0,1.91065125,27.65,0,0,2.75,3,1,3.25,2,no
0,0.001866175,1.26830475,10.2,2.5,0,1.25,2,1,2,2,no
0,0,1.13286475,23.6,0,0,2.35,3,0,4.5,2,no
0,0,1.03077775,20.85,0,0,2.1,4,0,3.25,2,no
0,0.001866175,1.01353725,16.05,2.5,0,1.85,10,0,2.5,2,no
0,0,1.27751425,27.2,0,0,2.725,3,1,2.75,2,no
0,0,1.1437055,22.75,0,0,2.25,6,1,4.25,2,no
0,0.022392032,1.565985,38.45,5,0,4.35,7,0,5,2,no
0,0,1.4335985,24.85,0,0,2.475,10,0,4.25,2,no
0,0.021098662,2.354575,20,5,0,2.5,10,1,1.5,2,no
0,0,2.23201875,36.55,0,0,3.675,2,1,5,2,no
0,0.001866175,1.18338925,18.9,2.5,0,2.15,8,1,2.75,2,no
0,0,1.75095775,16,0,0,1.6,6,0,1,2,no
0,0,0.93819925,11.2,0,0,1.125,7,0,3.25,2,no
0,0,1.58966675,24.85,0,0,2.5,8,1,3.75,2,no
0,0,0.94882225,22.55,0,0,2.25,7,1,3.75,2,no
0,0.013392713,1.07373025,24.9,2.5,0.5,2.8,9,0,2.75,2,no
0,0.005443405,1.1047655,17.25,2.5,0,2,3,0,1.75,2,no
0,0,2.103189,17.9,0,0,1.8,7,1,2,2,no
0,0,1.1133795,16.9,0,0,1.7,9,0,4,2,no
0,0,1.40022125,18.7,0,0,1.875,3,1,3.5,2,no
0,0,1.76545975,48.75,0,0,4.9,3,0,5.25,2,no
0,0,1.32471375,25.2,0,0,2.525,5,1,3.75,2,no
0,0,1.733075,16.3,0,0,1.65,6,1,1,2,no
0,0,1.874067,15.2,0,0,1.525,6,0,2.25,2,no
0,0,1.58063275,28.05,0,0.5,2.875,9,0,2.75,2,no
0,0,1.68788375,32.75,0,0,3.25,6,1,3.5,2,no
0,0,2.132905,31.1,0,0,3.125,8,1,2.75,2,no
0,0.005443405,1.4996325,23.3,2.5,0,2.575,2,0,1.75,2,no
0,0,1.74252875,35.5,0,0,3.525,8,0,3.75,2,no
0,0,1.7834715,36.9,0,0,3.675,2,1,5,2,no
0,0,1.22099175,27.3,0,0,2.725,10,1,4.75,2,no
0,0,0.34647675,9.1,0,0,0.9,6,1,6.25,2,no
0,0,1.35944125,25.1,0,0,2.475,10,0,3.5,2,no
0,0,1.8303625,27.1,0,0,2.7,2,0,2,2,no
0,0,1.6738015,36.3,0,0,3.625,10,1,6.75,2,no
0,0,1.7995385,28.1,0,0,2.8,3,0,3,2,no
0,0,1.13950025,23.85,0,0,2.4,1,1,3.5,2,no
0,0,1.182993,22.15,0,0,2.2,2,1,5,2,no
0,0,2.024315,25.35,0,0.5,2.575,3,0,2,2,no
0,0,1.2883085,21.95,0,0,2.2,3,1,3.75,2,no
0,0,1.14412425,24.2,0,0,2.4,8,0,2.75,2,no
0,0,1.8751925,23.9,0,0.5,2.425,10,1,2,2,no
0,0,2.08738325,37.55,0,0,3.75,6,1,4,2,no
0,0,1.8983125,33.7,0,0,3.375,4,1,5.75,2,no
0,0,1.79331,26,0,0.5,2.65,3,0,2,2,no
0,0,1.680056,26.6,0,0,2.65,7,1,4,2,no
0,0,1.7087775,25.75,0,0,2.575,9,0,2.5,2,no
0,0,1.15805775,32.55,0,0,3.25,8,1,6,2,no
0,0,1.29147575,26.9,0,0,2.7,10,0,3.5,2,no
0,0,2.3305175,40.2,0,0,4.025,9,0,2.75,2,no
0,0,0.68848175,11.1,0,0,1.125,7,0,4.25,2,no
0,0,2.0894425,22.25,0,0.5,2.275,6,1,1.75,2,no
0,0,1.11797175,17.2,0,0,1.75,5,1,3.25,2,no
0,0,1.88404325,20.65,0,0,2.075,2,0,2,2,no
0,0,1.33417375,25.95,0,0,2.6,4,0,4.25,2,no
0,0,1.455203333,25.73333333,0,0,2.566666667,7,1,3.666666667,2,no
0,0,2.1359875,41,0,0,4.1,7,0,5.25,2,no
0,0,2.0506675,30.6,0,0,3.075,7,1,2.25,2,no
0,0,1.0437615,19.05,0,0,1.925,10,1,3.25,2,no
0,0,1.58118775,26,0,0,2.6,7,0,3.5,2,no
0,0,1.88143525,25.05,0,0,2.5,5,0,3.25,2,no
0,0,2.4127575,33.65,0,0,3.375,8,0,1.75,2,no
0,0,1.57939975,21.05,0,0,2.1,8,0,3,2,no
0,0,1.27631875,26.85,0,0,2.675,10,1,5.75,2,no
0,0,1.7594275,37.8,0,0,3.775,8,0,7.25,2,no
0,0,1.245936,19.55,0,0,1.95,1,1,4.25,2,no
0,0,1.9082755,31.55,0,0,3.15,8,1,5.5,2,no
0,0,0.849863,22.4,0,0,2.25,6,0,5,2,no
0,0,1.293775,36.25,0,0,3.625,9,1,4.25,2,no
0,0,2.50001,29.7,0,0,2.975,2,1,1,2,no
0,0,0.44755075,21.35,0,0,2.15,6,1,5.25,2,no
0,0,1.6363125,26.9,0,0,2.675,3,0,3.5,2,no
0,0,1.561085,32.85,0,0,3.3,6,1,5.75,2,no
0,0,1.5873385,26,0,0,2.6,8,1,4,2,no
0,0,1.88268,42.1,0,0,4.2,10,1,4.75,2,no
0,0,0.8867205,11.4,0,0,1.125,5,0,2.5,2,no
0,0,1.6428475,26.2,0,0,2.6,9,1,3.5,2,no
0,0,2.4945575,36,0,0,3.6,7,0,1.5,2,no
0,0,1.97957,46.65,0,0,4.675,3,1,4.75,2,no
0,0,1.588543,26.75,0,0,2.675,6,0,5.25,2,no
0,0,0.998922,16,0,0,1.6,9,0,2.25,2,no
0,0,1.021967,23.15,0,0,2.3,6,1,5.75,2,no
0,0,0.991317,15.1,0,0,1.525,2,0,3.75,2,no
0,0,1.205082,27.55,0,0,2.775,2,1,3.75,2,no
0,0,0.891457,15,0,0,1.5,1,0,4.25,2,no
0,0,1.06187625,23.45,0,0,2.35,10,1,4.25,2,no
0,0,1.8633815,17.4,0,0,1.725,10,0,3,2,no
0,0,1.4381435,21.1,0,0,2.1,10,0,2.5,2,no
0,0,0.9971835,24.05,0,0,2.4,10,1,4.5,2,no
0,0,0.64158,15.15,0,0,1.525,3,0,5,2,no
0,0,1.17590475,19.25,0,0,1.925,5,0,3.25,2,no
0,0,2.5955245,23.3,0,0,2.3,6,0,1.25,2,no
0,0,1.341945,24.2,0,0,2.425,8,0,3.5,2,no
0,0,1.102362,26.95,0,0,2.7,6,1,3.75,2,no
0,0,0.6380122,11.25,0,0,1.125,7,1,5,2,no
0,0,1.639047,24.35,0,0,2.425,6,0,5.75,2,no
0,0,0.8271105,16.3,0,0,1.65,1,0,4.75,2,no
0,0,1.69152,21.8,0,0,2.175,3,0,2.5,2,no
0,0,1.3323405,24.2,0,0,2.425,4,1,4.75,2,no
0,0,1.47816525,16.9,0,0,1.675,7,1,3.5,2,no
0,0,1.94617,36.5,0,0,3.675,3,1,4.75,2,no
0,0,0.66393845,16.1,0,0,1.6,10,1,5.5,2,no
0,0,1.42054,4.2,0,0,0.4,3,1,2,2,no
0,0,1.9637775,14.95,0,0,1.5,6,0,3.5,2,no
0,0,1.12418375,20.6,0,0,2.075,7,1,2.75,2,no
0,0,1.1068475,32.2,0,0,3.25,3,0,6,2,no
0,0,1.357634,22.05,0,0,2.2,7,1,4.5,2,no
0,0,0.827248,17.86666667,0,0,1.8,3,1,6.666666667,2,no
0,0,0.73498425,14.15,0,0,1.425,10,0,1.75,2,no
0,0,1.1582535,18.1,0,0,1.8,2,1,2,2,no
0,0.009119766,1.958595,17.4,2.5,0,2,3,0,2,2,no
0,0,1.21229275,19.35,0,0,1.95,9,1,2.5,2,no
0,0,0.7918915,11.55,0,0,1.15,10,1,4,2,no
0,0,0.5709745,17.8,0,0,1.75,4,0,5.25,2,no
0,0,0.9731135,17.75,0,0,1.775,7,0,5.5,2,no
0,0,1.273119,20,0,0,2,1,0,2,2,no
0,0.027529245,2.121855,39.45,2.5,0,4.2,8,0,8.25,2,no
0,0,1.495009,27.95,0,0,2.8,8,1,2.75,2,no
0,0,1.5892235,21,0,0,2.1,7,0,3,2,no
0,0,1.0179645,17.85,0,0,1.775,2,1,4.5,2,no
0,0,1.010074,14.2,0,0,1.4,4,1,2.5,2,no
0,0,2.28590225,27.6,0,0,2.775,8,0,3.25,2,no
0,0,1.0021745,13.2,0,0,1.3,3,0,2.5,2,no
0,0,1.5450025,33.75,0,0,3.35,3,0,4.75,2,no
0,0,2.127715,23.25,0,0,2.325,9,0,1.5,2,no
0,0,1.38450675,23.75,0,0,2.375,5,1,3.25,2,no
0,0,1.68648,26.05,0,0,2.6,2,0,2.25,2,no
0,0,2.76261,34.1,0,0,3.4,7,0,3.75,2,no
0,0.027529245,2.3461275,45.6,2.5,0,4.825,7,0,7,2,no
0,0,0.74459375,11.55,0,0,1.125,10,0,2.75,2,no
0,0,1.8076125,31.2,0,0,3.1,7,1,4.5,2,no
0,0,1.46465275,25.8,0,0,2.6,6,0,3.5,2,no
0,0,1.907095,21.6,0,0,2.15,2,1,1.5,2,no
0,0,2.4168,29.25,0,0,2.925,3,0,2,2,no
0,0,1.64756175,20.1,0,0,2,9,0,2,2,no
0,0,1.544713,17.25,0,0.5,1.75,1,1,1.25,2,no
0,0,1.68194,21.3,0,0,2.125,6,1,2,2,no
0,0,1.97394,39.45,0,0,3.95,9,1,6.25,2,no
0,0,2.089235,28.5,0,0,2.825,2,1,2,2,no
0,0,1.9699075,24,0,0,2.375,3,0,1.75,2,no
0,0,0.83981225,22.3,0,0,2.225,8,1,5.75,2,no
0,0,1.7344525,17.55,0,0,1.75,3,0,2,2,no
0,0,2.118525,36,0,0,3.6,8,1,3,2,no
0,0,0.54179225,8.9,0,0,0.875,9,0,3,2,no
0,0,1.9927725,33.75,0,0,3.375,5,1,2.5,2,no
0,0,1.94610175,29.15,0,0,2.9,6,1,2.25,2,no
0,0,1.8776025,33.1,0,0,3.3,8,0,2.5,2,no
0,0,1.56517425,28.5,0,0,2.85,8,0,2.5,2,no
0,0,0.99497325,17.5,0.025,0,1.725,10,0,5.75,2,no
0,0,1.66546,14.4,0,0,1.45,9,0,1.5,2,no
0,0.006403737,1.078348,20.65,2.5,0.5,2.375,7,0,4.25,2,no
0,0,0.740018,24.6,0,0,2.5,10,0,2,3,no
0,0,0.412308667,10.8,0,0,1.066666667,3,0,3.333333333,3,no
0,0,2.10111,33.95,0,0,3.4,5,1,3.5,3,no
0,0,0.931623975,12.2,0,0.5,1.275,8,0,2.75,3,no
0,0,1.648755,28.3,0,0,2.825,10,1,3.25,3,no
0,0,1.24946625,10.05,0,0,1,6,0,4.75,3,no
0,0,1.034075,17.7,0,0,1.8,5,1,4.75,3,no
0,0.012118353,1.8637575,44.3,2.5,0,4.7,10,0,6.5,3,no
0,0,1.93013925,19.15,0,0,1.9,10,1,2.5,3,no
0,0,0.93000125,18.3,0,0,1.825,1,1,4.5,3,no
0,0.007964436,1.4049675,26.1,2.5,0,2.875,8,0,3.75,3,no
0,0,1.20108675,22,0,0,2.2,5,0,5.25,3,no
0,0,1.4029515,28.6,0,0,2.85,10,0,2.25,3,no
0,0,0.63665125,11.85,0,0,1.2,9,1,4.25,3,no
0,0,1.50157,25.7,0,0,2.575,8,1,1.5,3,no
0,0,0.74605075,19.8,0,0,2,8,0,5.75,3,no
0,0,1.4412785,12.6,0,0,1.275,8,1,2.75,3,no
0,0,1.4242445,32.05,0,0,3.225,6,0,2.5,3,no
0,0,1.11504725,11.75,0,0,1.175,9,0,4,3,no
0,0.02244739,1.7007825,29.45,5,0,3.45,7,0,3.75,3,no
0,0,1.32503625,29.2,0,0,2.925,2,1,2.5,3,no
0,0,0.33544675,15.7,0,0,1.6,9,1,5.5,3,no
0,0,1.09744925,14.7,0,0,1.45,10,0,3.75,3,no
0,0,1.35622775,21.95,0,0,2.2,5,0,4,3,no
0,0,0.5939135,10.85,0,0,1.075,7,1,4,3,no
0,0,1.55991575,39.1,0,0,3.925,5,0,5.25,3,no
0,0,1.17214425,41.05,0,0,4.125,8,1,5.5,3,no
0,0,1.615084,27.65,0,0,2.75,5,0,5,3,no
0,0,1.598205,20.7,0,0,2.05,8,0,3.75,3,no
0,0.006981393,1.28693625,14.1,2.5,0,1.65,10,1,3,3,no
0,0,0.6200585,15.45,0,0,1.55,3,1,6.5,3,no
0,0,1.21935575,23.45,0,0,2.375,6,1,2.25,3,no
0,0,1.586215,31.55,0,0,3.15,8,0,4.5,3,no
0,0.00518119,0.37318225,17.2,2.5,0,1.975,5,0,6.5,3,no
0,0,1.03966225,21.55,0,0,2.15,5,0,4.75,3,no
0,0,0.55692825,10.35,0,0,1.025,5,1,2.75,3,no
0,0,1.140662,26.25,0,0,2.625,2,0,4,3,no
0,0,1.4896035,34.3,0,0,3.425,6,1,5.75,3,no
0,0.072397389,2.034989,37.4,2.5,0,3.975,7,1,4,3,no
0,0,1.3726065,26.85,0,0,2.7,7,0,4.75,3,no
0,0,2.19868,22.15,0,0,2.225,7,1,1.25,3,no
0,0,0.6094515,10.85,0,0,1.075,3,0,5,3,no
0,0,1.5064715,22.9,0,0,2.275,4,1,1.75,3,no
0,0,0.812388,21.65,0,0,2.175,6,0,5.75,3,no
0,0,1.91914325,28.5,0,0,2.85,4,1,4,3,no
0,0,1.48749,23.3,0,0,2.325,7,0,4.5,3,no
0,0,2.63853,5.8,0,0,0.6,5,0,0,3,no
0,0,1.48718875,14.85,0,0,1.5,7,0,4,3,no
0,0.014132422,1.6872415,28.15,2.75,0,3.1,4,0,2.75,3,no
0,0,0.99943925,25.4,0,0,2.55,5,0,2.75,3,no
0,0,1.151521,19.05,0,0,1.925,2,1,5,3,no
0,0,0.845327,18.8,0,0,1.9,8,0,1,3,no
0,0,1.242991,33.3,0,0,3.35,8,1,3,3,no
0,0,1.455788667,30,0,0,3.033333333,7,1,2,3,no
0,0,1.61769125,26.75,0,0,2.675,2,0,4,3,no
0,0,2.0948855,43.35,0,0,4.35,1,0,5.5,3,no
0,0,0.888409,17.2,0,0,1.725,2,0,2.5,3,no
0,0,1.7713875,24.85,0,0,2.475,5,1,4.5,3,no
0,0,1.309533,31.7,0,0,3.175,4,1,2.5,3,no
0,0,1.41252325,17,0,0,1.7,5,0,5.25,3,no
0,0,1.1179155,18.6,0,0,1.85,1,1,3,3,no
0,0,2.4368625,32.85,0,0,3.25,4,0,3.5,3,no
0,0,2.1079625,45.1,0,0,4.5,10,0,5.25,3,no
0,0,2.01434,30.95,0,0,3.1,1,1,4,3,no
0,0,1.103328,21.3,0,0,2.125,10,0,5.25,3,no
0,0,2.014335,27.35,0,0,2.75,8,1,3.5,3,no
0,0,1.543711,25.75,0,0,2.55,5,0,3.5,3,no
0,0,1.53732,27.05,0,0,2.725,6,0,4,3,no
0,0,1.20966025,28,0,0,2.825,3,1,5.25,3,no
0,0,2.85251,21.05,0.025,0,2.125,5,1,1.75,3,no
0,0,1.6362045,18.95,0,0,1.875,2,0,2.75,3,no
0,0,2.2133775,15.35,0.025,0,1.55,4,0,2,3,no
0,0,1.4407525,19.9,0,0,1.975,2,1,3,3,no
0,0,1.76931975,22.7,0,0,2.25,9,1,3.25,3,no
0,0,2.02761475,15.9,0.025,1,1.7,7,0,2,3,no
0,0.006807199,1.15307,26,2.5,0,2.85,7,1,3.25,3,no
0,0,1.74354325,34.3,0,0,3.425,9,0,3.25,3,no
0,0,1.33995825,18.55,0,0,1.85,8,0,1.75,3,no
0,0,1.15712925,31.65,0,0,3.15,7,1,5.25,3,no
0,0,1.108469,33.65,0,1,3.45,1,0,3.75,3,no
0,0,0.54196925,21.5,0,0,2.125,8,0,4.5,3,no
0,0,1.62061425,29,0,0,2.875,8,0,4.5,3,no
0,0,0.79797975,20.8,0,0,2.05,1,0,3.5,3,no
0,0,1.44332525,10,0,0,0.975,8,0,3.25,3,no
0,0.006807199,0.89509075,27.5,2.5,0,3,4,0,4,3,no
0,0,1.25403625,23.7,0,0,2.375,1,1,4.25,3,no
0,0,2.497465,35.8,0,0,3.575,4,0,2.25,3,no
0,0,1.53226525,13.7,0,0,1.35,1,1,2.75,3,no
0,0,1.39639025,22.45,0,0,2.275,7,1,5,3,no
0,0,1.05443125,18.7,0,0,1.875,5,1,3,3,no
0,0,1.52218225,24.15,0,0,2.4,3,0,3.25,3,no
0,0,1.15583275,18.15,0,0,1.8,2,1,5.25,3,no
0,0,1.9286725,32,0,0,3.225,5,0,4,3,no
0,0,1.07224925,23.45,0,0,2.35,8,1,4.25,3,no
0,0,1.688435,35.45,0,0,3.55,10,1,5,3,no
0,0,0.58422575,7,0,0,0.675,2,1,4,3,no
0,0,1.8026375,19.95,0,0,2,10,1,4.75,3,no
0,0,1.820139,19.65,0,0,1.95,5,1,1.75,3,no
0,0,1.42003,40.3,0,0,4.025,4,0,6.25,3,no
0,0.003011776,1.27869125,18.85,2.5,0,2.15,8,1,2,3,no
0,0,1.04590825,17.85,0,0,1.8,2,0,4,3,no
0,0.008267775,1.06719575,32.45,2.5,0,3.475,10,0,5.75,3,no
0,0.003011776,1.42195875,28.8,2.5,0,3.15,3,1,2.5,3,no
0.020178767,0,0.9068955,18.45,0,1,1.95,3,0,4.25,3,no
0,0,2.320635,32.6,0,0,3.275,1,1,2.5,3,no
0,0,1.5190385,17.4,0,0,1.75,10,0,3.75,3,no
0,0,2.40708,37.7,0,0,3.75,7,0,2.5,3,no
0,0,2.68216,46.8,0,0,4.7,10,0,7,3,no
0,0,3.799185,47,0,0,4.7,5,1,5,3,no
0,0,1.10222,27.4,0,0,2.7,2,0,9,3,no
0,0,1.70426075,38.65,0,0,3.85,2,0,7,3,no
0,0,1.6567875,36.55,0,0,3.625,8,1,5.25,3,no
0,0,2.62141,26.4,0,0,2.6,1,0,2,3,no
0,0,1.1712875,18,0,0,1.8,7,1,1.25,3,no
0,0,1.45052975,35.55,0,0,3.525,2,0,5.5,3,no
0,0,1.41196325,25.3,0,0,2.5,8,0,4,3,no
0,0,1.1321095,29.85,0,0,3,10,1,6.5,3,no
0,0,1.81273275,18.35,0,0,1.825,10,1,2,3,no
0,0,1.704867,26.15,0,0,2.6,4,1,5,3,no
0,0,1.45627525,17.65,0,0,1.775,4,0,2.25,3,no
0,0,1.582507,20.25,0,0,2,3,0,5,3,no
0,0,2.8921175,32.05,0,0,3.2,5,0,3.25,3,no
0,0,1.5752275,23.9,0,0,2.4,3,1,3.5,3,no
0,0,2.2801375,34.65,0,0,3.45,10,1,3.75,3,no
0,0,1.27611325,26.9,0,0,2.7,2,0,2.5,3,no
0,0,1.51429325,24.05,0,0,2.4,1,0,2,3,no
0,0,1.8442975,18,0.075,0,1.825,8,0,1.75,3,no
0,0,1.2988645,20.55,0,0,2.05,10,1,4.5,3,no
0,0,1.55829075,26.2,0,0,2.625,3,0,5.25,3,no
0,0,1.569025,23.9,0,0,2.4,5,0,4.5,3,no
0,0,1.075248333,19.93333333,0,0,2,9,1,5,3,no
0,0,1.83358,23.4,0,0,2.35,1,1,1.75,3,no
0,0,2.036405,34.2,0.075,0,3.45,3,1,4.5,3,no
0,0,1.9607975,17.45,0,0,1.75,6,1,1.25,3,no
0,0,1.774795,24.55,0,0,2.45,6,0,2,3,no
0,0,1.06381175,34.25,0,0,3.4,1,0,4.75,3,no
0,0,1.631317,31.35,0,0,3.125,7,1,5.25,3,no
0,0.010380178,0.81273175,20.8,5,0,2.575,8,0,5,3,no
0,0,1.15863275,15.2,0,0,1.525,3,0,3.5,3,no
0,0,0.8393605,16,0,0,1.575,8,1,2.75,3,no
0,0,1.37997275,23.9,0,0,2.4,10,1,3.75,3,no
0,0,1.45726325,22.7,0,0,2.275,3,1,3.5,3,no
0,0,1.26340275,26.95,0,0,2.675,1,0,3.75,3,no
0,0,0.93645025,26.5,0,0,2.65,5,0,4,3,no
0,0,1.4987455,27.85,0,0,2.8,2,0,4,3,no
0,0,1.04937425,8.95,0,0,0.875,6,1,3.25,3,no
0,0,1.43577875,28.4,0,0,2.85,1,1,4.25,3,no
0,0,1.60196675,34.25,0,0,3.425,9,1,4.25,3,no
0,0,1.300784,8.65,0,0,0.85,6,0,3.25,3,no
0,0,1.55256,35.85,0,0,3.575,4,1,4.25,3,no
0,0,1.5731925,29.15,0,0,2.925,10,0,2.75,3,no
0,0,1.16338675,6,0,0,0.575,3,0,2.25,3,no
0,0,1.6356365,34.6,0,0,3.45,9,1,7,3,no
0,0,2.5187,30.2,0,0,3.025,7,1,2.25,3,no
0,0,1.09100225,13.9,0,0,1.4,9,0,2,3,no
0,0,1.40945675,26.4,0,0,2.625,7,0,5.25,3,no
0,0,0.86914825,18.45,0,0,1.85,1,0,3,3,no
0,0,1.59449525,22.15,0,0,2.2,5,0,4.5,3,no
0,0,1.11165125,14.1,0,0,1.425,3,1,3.25,3,no
0,0,0.752879667,27.66666667,0,0,2.733333333,10,0,6.333333333,3,no
0.014702491,0,0.993007,20.3,0,1,2.1,10,1,3,3,no
0,0,2.5154425,39.3,0,0,3.9,2,1,3.75,3,no
0,0,0.670635,20.05,0,0,2,4,0,5.5,3,no
0,0.073243953,1.094905,18.85,2.5,0,2.1,10,0,4,3,no
0,0,1.62099275,26.65,0,0,2.675,2,0,5.25,3,no
0,0,2.318415,36.85,0,0,3.675,3,0,3.75,3,no
0,0,1.08611075,26.25,0,0,2.625,7,1,4.75,3,no
0,0,1.3573565,36.8,0,0,3.7,2,1,4,3,no
0,0,0.8772225,27.5,0,0,2.75,5,0,6,3,no
0,0,2.469275,39.25,0,0,3.925,6,1,3,3,no
0,0,1.48147175,39.1,0,0,3.925,10,0,3.25,3,no
0,0.073243953,1.07994925,22.7,2.5,0,2.525,9,0,4.25,3,no
0,0.005219328,1.762774,32.1,2.5,0,3.45,3,0,5,3,no
0,0.014084189,1.643648,33,5,0,3.8,7,0,6,3,no
0,0,1.9537925,25.75,0,0,2.575,8,1,2.5,3,no
0,0,2.03377225,41.6,0,0,4.175,7,0,3,3,no
0,0,1.26448125,21,0,0,2.1,1,1,4,3,no
0,0,2.0824575,17.1,0.025,0,1.7,4,0,2.5,3,no
0,0,2.33897,23.93333333,0,0,2.4,5,1,2,3,no
0,0,1.033634,27,0,0,2.725,9,0,3.75,3,no
0,0.015334839,1.7926525,39.6,5.075,0.5,4.525,3,0,4,3,no
0,0.046440415,1.037139,25.9,2.5,0,2.85,8,1,3.75,3,no
0,0,2.322725,32.85,0,0,3.275,9,0,2,3,no
0.008260202,0,1.46191725,22.2,0,4.5,2.7,10,1,3.25,3,no
0,0,1.585693,40.25,0,0,4.025,5,1,4.25,3,no
0,0,1.0789315,16.2,0,0,1.625,10,1,4,3,no
0,0.046440415,1.054639,24.4,2.5,0,2.7,10,0,2.75,3,no
0,0,1.53762475,14.75,0,0,1.475,1,0,3,3,no
0,0,1.07517975,19,0,0,1.875,3,0,4,3,no
0,0,0.86162675,22.85,0,0,2.275,10,1,4.25,3,no
0,0.046440415,1.685234,27.85,2.5,0,3.025,6,1,2.75,3,no
0,0,1.64623475,15.8,0,0,1.575,3,1,3,3,no
0,0,1.40602875,18.6,0,0,1.875,3,0,5.25,3,no
0,0,1.0355675,23.45,0,0,2.35,2,0,2.75,3,no
0,0,1.3621095,14.35,0,0,1.425,8,0,5.25,3,no
0,0,1.6817885,30.85,0,0,3.1,2,0,4,3,no
0,0,1.60913925,29.85,0,0,2.975,1,0,4.5,3,no
0,0,1.6407965,38.3,0,0,3.825,3,1,3.75,3,no
0,0,1.2980575,19.1,0,0,1.9,8,1,2,3,no
0,0,2.18704,36.35,0,0,3.625,9,0,1.75,3,no
0,0,1.3789145,16.2,0,0,1.6,1,0,4.5,3,no
0,0,1.80205525,18.45,0,0,1.825,9,1,1.5,3,no
0,0,2.149915,36.5,0,0,3.675,5,1,2.75,3,no
0,0,1.15792125,16.8,0,0,1.675,10,1,5,3,no
0,0,1.5796815,46.5,0,0,4.65,3,0,4.25,3,no
0,0,1.274428,20.95,0,0,2.1,3,1,2,3,no
0,0,1.26115125,17.85,0,0,1.75,5,1,2,3,no
0,0,2.23906,33.4,0,0,3.35,6,0,3,3,no
0,0,0.9780305,21.55,0,0,2.15,2,0,2.25,3,no
0,0,1.2716275,16.25,0,0,1.625,3,1,2.5,3,no
0,0,1.5081685,12.7,0,0,1.275,5,0,2.25,3,no
0,0,1.05959,26.2,0,0,2.6,2,0,3.5,3,no
0,0,1.29850175,28.85,0,0,2.875,5,0,7,3,no
0,0,1.5775795,26.55,0,0,2.65,5,1,4,3,no
0,0,2.4416525,29.4,0,0,2.95,3,0,2.25,3,no
0,0,1.5826445,30.75,0,0,3.075,1,0,5.75,3,no
0,0,1.810882,35.75,0,0,3.575,8,1,4,3,no
0,0,1.0909455,12.9,0,0,1.3,10,1,1.5,3,no
0,0,1.6059495,28.5,0,0,2.85,7,1,4,3,no
0,0,0.749216,25.85,0,0,2.6,8,0,5,3,no
0,0,1.238992,17.1,0,0,1.725,1,0,1.75,3,no
0,0,1.19447,21.35,0,0,2.125,3,0,4.75,3,no
0,0,1.40854025,8.7,0,0,0.875,7,0,2.75,3,no
0,0,1.02117875,21.1,0,0,2.1,9,0,3.75,3,no
0,0,2.32823,37.8,0,0,3.775,5,0,4,3,no
0,0,1.779935,32.5,0,0,3.25,2,1,2.5,3,no
0,0,1.8676325,31.1,0,0,3.125,6,0,2.75,3,no
0,0,2.2473525,20.65,0,0,2.075,9,0,5,3,no
0,0,0.85222725,13.45,0.25,0,1.375,8,1,3.75,3,no
0,0,0.9897485,11.45,0,0,1.15,5,0,3.5,3,no
0,0,1.20115025,11.4,0,0,1.125,9,1,1.75,3,no
0,0,1.12466225,32.05,0,0,3.2,1,0,5.25,3,no
0,0,1.347737,28.75,0,0,2.875,6,1,7.25,3,no
0,0.005467205,1.4097125,24.25,2.5,0,2.675,6,0,5.5,3,no
0,0,1.65049475,18.45,0,0,1.825,5,0,5.25,3,no
0,0,0.839401,15.9,0,0,1.6,5,1,4.5,3,no
0,0,1.56141325,16.4,0,0,1.65,6,1,2,3,no
0,0,1.44871175,17.6,1,0,1.85,8,1,2.75,3,no
0,0,0.99205525,21.6,0,0,2.15,7,1,7,3,no
0,0,1.5675105,23.65,0,0,2.375,10,0,6.75,3,no
0,0,1.39697575,16.3,0,0,1.625,2,0,3,3,no
0,0,1.06906775,22.55,0,0,2.25,9,0,3.25,3,no
0,0,1.3032335,28.9,1,0,2.975,5,0,5.25,3,no
0,0,0.9210855,19.95,0,0,2,2,1,3.5,3,no
0,0,0.95991075,20.8,0,0,2.075,6,1,5.25,3,no
0,0,1.293788,29.95,0,0,2.975,10,0,4.25,3,no
0,0,1.39958,24.35,0,0,2.425,9,0,3.75,3,no
0,0,3.559175,22.6,0,0,2.25,9,1,1,3,no
0,0,3.159603333,30.6,0,0,3.066666667,3,0,1.666666667,3,no
0,0.022392032,1.17145025,26.9,5,0.5,3.25,2,1,2.75,3,no
0,0,1.3998525,17.25,0,0,1.725,10,0,3.25,3,no
0,0.005443405,0.6867715,16.2,2.5,0,1.9,9,1,3,3,no
0,0,1.33890925,22.6,0,0,2.275,5,1,3,3,no
0,0,1.74238,21.8,0,0,2.15,4,1,1,3,no
0,0,1.93009725,47.2,0,0,4.75,6,1,5,3,no
0,0,0.80575825,23,0,0,2.3,9,1,4,3,no
0,0,1.272954,26.75,0,0,2.675,6,0,4.25,3,no
0,0,0.69563825,17.45,0,0,1.75,5,0,5.5,3,no
0,0,1.050919,25.7,0,0,2.575,7,1,4.5,3,no
0,0,1.37708075,13.1,0,0,1.325,2,0,1,3,no
0,0,2.3224275,28.7,0,0,2.875,1,0,2.5,3,no
0,0,1.6757825,27.85,0,0,2.775,6,1,2,3,no
0,0,1.520179,33.4,0,0,3.35,5,1,6.5,3,no
0,0,1.595332,29.35,0,0,2.95,9,0,4.75,3,no
0,0,1.45604425,17.15,0,0,1.725,8,0,1.5,3,no
0,0,1.225411,30.7,0,0,3.075,6,1,6,3,no
0,0,1.18685575,16.3,0,0,1.625,1,0,1.75,3,no
0,0,2.0498695,36.2,0,0,3.625,8,1,5.25,3,no
0,0,0.5775895,9.55,0,0,0.95,6,0,5.25,3,no
0,0,2.05459,31.05,0,0,3.075,9,1,2.5,3,no
0,0,1.05528925,18.7,0,0,1.85,7,1,2.25,3,no
0,0,1.8974575,30.55,0,0,3.05,6,0,5.5,3,no
0,0,1.00814325,22.1,0,0,2.2,4,0,8,3,no
0,0,1.8112085,29.7,0,0,2.975,7,0,3.25,3,no
0,0,1.46967075,23.4,0,0,2.35,2,1,3,3,no
0,0,2.143265,34.85,0,0,3.475,5,1,2.75,3,no
0,0,1.90472875,33.65,0,0,3.375,10,1,2.5,3,no
0,0,1.807435,42.75,0,0,4.275,6,0,8.75,3,no
0,0,1.32341075,18.1,0,0,1.8,5,0,1.75,3,no
0,0,1.11434825,13.15,0,0,1.325,5,1,2,3,no
0,0,1.525501,22.8,0,0,2.275,8,1,4,3,no
0,0,1.41747375,25.25,0,0,2.525,7,0,5.5,3,no
0,0,1.4198875,24.2,0,0,2.425,10,0,3.25,3,no
0,0,1.49156,36.75,0,0,3.675,2,1,4.25,3,no
0,0,1.38758375,25.2,0,0,2.525,9,1,5.75,3,no
0,0,1.113643,16.1,0,0,1.575,2,0,4.25,3,no
0,0,1.158254,23.8,0,0,2.375,3,0,6.75,3,no
0,0,1.6889275,29.1,0,0,2.9,5,1,5,3,no
0,0,0.856343,13.5,0,0,1.35,10,0,1.5,3,no
0,0,1.0464735,19.85,0,0,1.975,8,1,4,3,no
0,0,1.832545,39.9,0,0,3.975,9,0,5,3,no
0,0,0.96241725,15.8,0,0,1.575,10,0,1.75,3,no
0,0,1.60210125,17.95,0,0,1.8,5,1,4.25,3,no
0,0,0.83883,17,0,0,1.7,6,0,6,3,no
0,0,1.1017495,19.05,0,0,1.9,1,1,2,3,no
0,0,1.4461025,19.05,0,0,1.9,8,0,2.5,3,no
0,0,0.849629,19,0,0,1.9,9,1,4.5,3,no
0,0,2.216752,22.2,0,0,2.25,3,0,1.25,3,no
0,0,1.779665,23.5,0,0,2.35,2,0,2.5,3,no
0,0,1.25927925,13.05,0,0,1.3,7,1,2.5,3,no
0,0,1.5679045,24.3,0,0,2.425,5,1,5.25,3,no
0,0,1.32929675,17.45,0,0,1.725,8,1,4.75,3,no
0,0,1.69939,21.35,0,0,2.15,9,1,2.5,3,no
0,0,1.11469075,24.45,0,0,2.45,9,0,6.5,3,no
0,0,1.3720095,24.55,0,0,2.45,4,0,5.75,3,no
0,0,0.51225575,9.65,0,0,0.975,3,0,2.5,3,no
0,0,1.1176025,16.05,0,0,1.6,10,0,4.25,3,no
0,0,1.42566975,40.75,0,0,4.075,2,0,8,3,no
0,0,1.803856667,22.86666667,0,0,2.3,4,1,1.666666667,3,no
0,0,1.4006115,26.9,0,0,2.7,2,0,3.75,3,no
0,0,1.29092025,18.4,0,0,1.85,6,0,3,3,no
0,0,1.165431,11.5,0,0,1.15,3,1,2.75,3,no
0,0,1.39376,21.9,0,0,2.175,9,1,3,3,no
0,0,2.136155,33.55,0,0,3.35,8,0,3.25,3,no
0,0,0.87728725,16.4,0,0,1.625,5,0,3.25,3,no
0,0,2.1912225,31.5,0,0,3.125,4,1,4,3,no
0,0,1.1668815,16.9,0,0,1.675,2,1,3.25,3,no
0,0,1.0552,0.2,0,0,0,6,0,1,3,no
0,0,2.1622,28.25,0,0,2.8,10,0,2,3,no
0,0,1.591404,17.7,0,0.5,1.775,4,0,3.25,3,no
0,0,0.760574,6.8,0,0,0.7,1,0,1,3,no
0,0,2.3432025,39,0,0,3.9,6,0,3,3,no
0,0,2.48348,24,0,0,2.4,6,0,1,4,no
0,0,1.024545,9.7,0,0,0.95,7,0,4.5,4,no
0,0,2.53396,17.8,0,0,1.8,8,0,2,4,no
0,0,1.70467825,21.45,0,0,2.15,3,0,4.5,4,no
0,0,1.6526215,20.85,0,0,2.075,7,1,2,4,no
0,0,1.6233775,26.85,0,0,2.7,7,1,1.5,4,no
0,0,1.58360125,14.1,0,0,1.425,7,0,2.5,4,no
0,0,1.752359,25.3,0,0,2.525,9,1,2,4,no
0,0.014482955,1.9231175,34.85,2.5,0,3.725,7,0,4.5,4,no
0,0,1.6644765,31.7,0,0,3.15,2,0,5.25,4,no
0,0,2.441969,37.4,0,0,3.725,10,0,2.5,4,no
0,0,2.20681875,35.45,0,0,3.525,7,1,4,4,no
0,0,1.05899525,17.45,0,0,1.75,8,0,5.75,4,no
0,0,1.403903,38.9,0,0,3.9,8,0,3,4,no
0,0,1.945593,22.55,0,0,2.275,1,1,2.25,4,no
0,0,1.18376325,23.7,0,0,2.375,10,0,5.5,4,no
0,0,1.72587525,30.5,0,0,3.05,3,0,4.75,4,no
0,0,1.37245325,22.05,0,0,2.225,9,0,4.75,4,no
0,0,1.04660875,23.15,0,0,2.325,8,1,5.25,4,no
0,0,1.8509725,18.15,0,0,1.8,3,0,2.25,4,no
0,0,1.019126,17.8,0,0,1.775,2,0,5.25,4,no
0,0,1.07205825,26.45,0,0,2.65,6,1,4,4,no
0,0,2.0454375,36.3,0,0,3.65,2,1,4.25,4,no
0,0,1.4698675,23.4,0,0,2.325,9,0,4.25,4,no
0,0,1.39673825,27.15,0,0,2.725,7,1,5.25,4,no
0,0,1.60448975,20.4,0,0,2.025,9,0,2.75,4,no
0,0.008267775,1.29088775,30.4,2.5,0,3.275,4,1,5.25,4,no
0,0,0.300608,14.8,0,0,1.475,9,1,4.75,4,no
0,0,0.9371665,20.75,0,0,2.05,8,1,5.25,4,no
0,0,1.89312,19.15,0,0,1.9,3,0,2.25,4,no
0,0,2.1880925,30.1,0,0,2.975,6,0,5,4,no
0,0,0.6960205,12.55,0,0,1.25,6,1,4.75,4,no
0,0.005219328,1.313804,18.6,2.5,0,2.125,5,0,4.5,4,no
0,0,1.14839275,15.3,0,0,1.55,5,1,3.5,4,no
0,0,0.6048775,17.6,0,0,1.75,7,1,3.5,4,no
0,0,1.7355785,19.95,0,0,2.025,9,0,4,4,no
0,0,1.5649475,11.45,0,0,1.125,10,1,1.5,4,no
0,0,2.1141125,36.4,0,0,3.65,10,1,2.75,4,no
0,0,2.326826,33.3,0,0,3.35,5,1,2.5,4,no
0,0,1.6430275,22.95,0,0,2.3,3,1,2,4,no
0,0,2.38233,25.15,0,0,2.525,4,0,4.75,4,no
0,0.008999319,1.40627,32.75,2.5,0,3.525,6,1,4.25,4,no
0,0.013392713,1.47312775,27.55,2.5,0.5,3.075,10,1,2.75,4,no
0,0,1.69448375,28.25,0,0,2.8,8,0,2.75,4,no
0,0,1.28130675,23.45,0,0,2.35,10,0,4.5,4,no
0,0,1.3484265,26.75,0,0,2.675,9,0,4.5,4,no
0,0,1.9024,25.6,0,0,2.55,10,0,2,4,no
0,0,2.019785,37.7,0,0,3.775,10,1,7,4,no
0,0,2.3218625,38.15,0,0,3.825,8,0,5,4,no
0,0,1.9684775,27.75,0,0,2.775,10,1,1.5,4,no
0,0,1.5573595,13.45,0,0,1.325,2,0,3,4,no
0,0,1.03804475,13.65,0,0,1.4,6,0,6,4,no
0,0,2.79171,40.7,0,0,4.075,6,0,4,4,no
0,0,1.42446225,38.55,0,0,3.85,10,0,6.5,4,no
0,0,0.752541,15.95,0,0,1.6,5,0,4.25,5,no
0,0,1.49626075,31.95,0,0,3.2,2,0,4.75,5,no
0,0.010274003,0.52874525,12.5,2.5,0,1.525,10,0,6,5,no
0,0,2.1977085,27.75,0,0,2.775,3,1,3.5,5,no
0,0.072397389,0.97955375,20.6,2.5,0,2.3,8,0,3.75,5,no
0,0,0.70473925,17,0,0,1.725,8,0,1.75,5,no
0,0,1.38064525,20.85,0,0,2.075,7,0,3.25,5,no
0,0,0.96339175,12.8,0,0,1.275,10,0,2,5,no
0,0,1.87333525,27.2,0,0,2.725,7,0,2,5,no
0,0,1.311118,28.9,0,0,2.875,8,0,4,5,no
0,0.006842175,1.5157405,18.75,2.5,0,2.125,8,1,4.5,5,no
0,0,1.086199,11.65,0,0,1.15,10,1,3,5,no
0,0,2.287924,36.45,0,0,3.65,7,1,2.5,5,no
0,0.002817202,1.2066535,15.05,2.5,0,1.75,10,1,2.75,5,no
0,0,2.1098015,26.3,0,0,2.625,8,0,2.75,5,no
0,0,2.23226075,17.9,0,0,1.8,5,1,2.25,5,no
0,0,1.244846,23.35,0,0,2.325,1,0,3,5,no
0,0,0.83805,14.95,0,0,1.475,1,0,5.5,5,no
0,0,0.93392775,16.3,0,0,1.6,10,0,3.25,5,no
0,0,1.071081,17,0,0,1.7,9,1,3,5,no
0,0,1.93082,22.3,0,0,2.225,9,0,1.75,5,no
0,0,2.26183,21.5,0,0,2.15,5,0,5.5,5,no
0,0,0.96377075,13.9,0,0,1.4,10,0,3,5,no
0,0,1.1819775,26.05,0,0,2.6,3,1,4.75,5,no
0,0,2.4762,31.7,0,0,3.175,10,0,5.75,5,no
0,0,2.5198675,38.4,0,0,3.85,9,1,6.5,5,no
0,0.042801846,0.94834425,20.85,2.5,0,2.35,7,0,6,5,no
0,0,2.13934975,32.15,0,0,3.225,3,0,3.75,5,no
0,0,1.26941275,23.7,0,0,2.35,9,0,7.25,5,no
0,0,0.55653075,18.65,0,0,1.875,2,0,7,5,no
0,0,1.22657875,20.45,0,0,2.05,2,0,3.25,5,no
0,0,1.46503,25.6,0,0,2.6,5,1,7,5,no
0,0,1.59277325,21.45,0,0,2.125,9,0,5.5,5,no
0,0,1.702461,42.9,0,0,4.275,9,1,6.75,5,no
0,0,0.65975775,15.25,0,0,1.5,8,0,4.25,5,no
0,0,1.9223225,24.05,0,0,2.375,8,1,1.25,5,no
0,0,0.522847,17.2,0,0,1.7,3,1,2,6,no
0,0,0.629617,12.13333333,0,0,1.233333333,9,1,1.666666667,6,no
0,0,0.89421775,15.55,0,0,1.575,7,1,2.75,6,no
0,0,1.108318,14.2,0,0.5,1.475,3,1,1.75,6,no
0,0,1.26628475,8.25,0,0,0.825,1,1,3.5,6,no
0,0,2.2017725,27.45,0,0,2.75,1,1,1.75,6,no
0,0,0.923848,17.3,0,0,1.725,6,0,3.5,6,no
0,0,1.24404125,14.7,0,0,1.45,2,0,1.5,6,no
0,0,0.613557,12.35,0,0,1.25,7,1,4.75,6,no
0,0,0.58678,9.95,0,0,1,5,0,4.25,6,no
0,0,1.46948975,24.45,0,0,2.45,1,0,4.75,6,no
0,0,1.211781,34.1,0,0,3.425,4,1,4.25,6,no
0,0,0.97157575,15.3,0,0,1.55,6,1,2.25,6,no
0,0,0.80687525,14.35,0,0,1.425,2,1,4.25,6,no
0,0,1.204715,17.5,0,0,1.75,5,0,2,6,no
0,0,1.089773,12.1,0,0,1.225,1,1,3,6,no
0,0,0.76957925,12.1,0,0,1.225,1,0,3,6,no
0,0,1.83632575,17.7,0,0,1.775,5,1,1.75,6,no
0,0,1.20304175,23.05,0,0,2.3,9,0,3.75,6,no
0,0.010274003,0.677021,18.3,2.775,0,2.125,6,0,4.75,6,no
0,0,0.51805375,10.8,0,0,1.1,4,1,4.25,6,no
0,0,0.75990225,11.7,0,0,1.15,2,0,4,6,no
0,0,0.70410375,14.9,0,0,1.475,6,1,4.25,6,no
0,0,1.15841625,13.2,0,0,1.325,6,1,2.75,6,no
0,0,1.14036475,27.35,0,0,2.75,4,1,2.5,6,no
0,0,1.60249025,26.65,0,0,2.65,1,1,3.75,6,no
0,0,1.75526125,32,0,0,3.2,4,1,4,6,no
0,0,1.12531625,19.45,0,0,1.975,10,0,3.25,6,no
0,0,0.709592,20.15,0,0,2,2,1,4.75,6,no
0,0,0.67422825,6,0,0,0.575,7,0,1.25,6,no
0,0,0.537151,15.75,0,0,1.55,10,1,4.25,6,no
0,0.00518119,0.616185,16.3,2.5,0,1.875,6,1,4.25,6,no
0,0,1.6072025,23.85,0,0,2.375,7,1,3.75,6,no
0,0,0.66788875,5.9,0,0,0.55,8,1,2.25,6,no
0,0,0.29778675,12.2,0,0,1.2,3,0,5.25,6,no
0,0.00518119,0.46705725,13.6,2.5,0,1.6,4,0,5.5,6,no
0,0,1.98336,20.25,0,0,2.025,2,1,2.75,6,no
0,0,1.528225,31.1,0,0,3.1,7,1,4.75,6,no
0,0,0.926557,15.15,0,0,1.525,4,1,2.5,6,no
0,0,1.15886125,26.55,0,0,2.675,8,1,6,6,no
0,0,1.49611,20.05,0,0,1.975,2,1,2,6,no
0,0,0.857873,15.9,0,0,1.575,2,0,3.25,6,no
0,0,1.1964585,22.4,0,0,2.25,4,0,2.75,6,no
0,0,0.6016245,7.75,0,0,0.75,6,1,4,6,no
0,0,0.8982785,18.6,0,0,1.875,1,1,3.5,6,no
0,0,1.17379125,12.85,0,0,1.275,5,0,2.75,6,no
0,0,1.01503325,10.05,0,0,1,5,0,3.75,6,no
0,0.04035705,2.474835,30.75,2.5,0,3.325,6,1,2.25,6,no
0,0,1.319988,28.1,0,0,2.825,1,1,2.5,6,no
0,0.006842175,1.92991325,22.95,2.5,0,2.55,1,1,3.25,6,no
0,0,0.883873,24.5,0,0,2.45,6,0,5,6,no
0,0,1.2113185,25.7,0,0,2.575,2,0,3.75,6,no
0,0,2.5642,20.9,0,0,2.075,2,1,2,6,no
0,0,1.00243925,18.7,0,0,1.85,4,1,3.25,6,no
0,0.086169355,0.83114925,7.55,2.5,0,1,2,1,3.75,6,no
0,0,1.5405225,22.8,0,0,2.275,1,1,2.75,6,no
0,0,2.1457995,15.85,0,0,1.575,2,0,2.75,6,no
0,0,1.504761,21.85,0,0,2.2,4,0,3.5,6,no
0,0,2.05899575,32.55,0,0,3.25,7,1,4,6,no
0,0,1.45181,23.55,0,0,2.375,3,1,4.75,6,no
0,0,2.3371285,16.05,0,0,1.625,3,1,0.75,6,no
0,0,1.38483125,37.3,0,0,3.725,1,1,4.5,6,no
0,0.029554849,1.177755,11.1,2.5,0,1.35,4,1,3.5,6,no
0,0,1.36878475,19.25,0,0,1.925,1,0,5.25,6,no
0,0,1.06583875,20.95,0,0,2.075,3,0,5.25,6,no
0,0,1.390866,25.35,0.025,0,2.525,7,0,3.75,6,no
0,0.008331365,1.371713,28.7,2.5,0,3.125,2,0,4.25,6,no
0,0,1.5796445,26.35,0,0,2.6,3,1,4.25,6,no
0,0,1.8809335,27.2,0,0,2.725,3,0,5,6,no
0,0,0.8762895,9.85,0,0,0.975,7,0,3.75,6,no
0,0,1.432789,24.4,0,0,2.45,2,0,2.75,6,no
0,0,1.56801125,13.5,0,0,1.35,3,1,2.25,6,no
0,0,0.60906575,11.4,0,0,1.125,7,1,2.75,6,no
0,0,1.0879735,13.85,0,0,1.375,7,0,5.25,6,no
0,0,1.32386625,22.65,0,0,2.275,3,1,5.25,6,no
0,0,0.75272375,14.75,0,0,1.475,8,1,4,6,no
0,0,1.614,24.6,0,0,2.475,7,1,4,6,no
0,0,0.94699925,25.05,0,0,2.525,6,0,5.25,6,no
0,0,1.30175125,25.9,0,0,2.6,2,1,4,6,no
0,0,1.0922565,15.75,0,0,1.6,2,1,3,6,no
0,0,1.498586667,19.8,0,0,1.966666667,2,1,4,6,no
0,0,1.93755075,25.4,0,0,2.55,3,0,2.25,6,no
0,0,0.9696555,23.9,0,0,2.4,2,1,3.5,6,no
0,0,1.44512775,10.85,0,0,1.075,2,1,2.25,6,no
0,0,1.24812075,18.45,0,0,1.825,3,1,4.5,6,no
0,0,1.29252,23.55,0,0,2.35,5,0,3.25,6,no
0,0,1.946494,37,0,0,3.725,9,0,3,6,no
0,0,1.23805425,18.8,0,0,1.875,3,0,4.5,6,no
0,0,1.37319125,31.35,0,0,3.15,3,1,2.75,6,no
0,0,1.48801,18.5,0,0,1.875,6,1,3.5,6,no
0,0,0.8954575,19.2,0,0,1.9,4,0,3.5,6,no
0,0.009362088,1.38237925,22.9,2.5,0,2.525,10,0,3,6,no
0,0,1.32483275,31.35,0,0,3.1,8,1,4.75,6,no
0,0,0.9577425,11.65,0,0,1.175,1,1,4.5,6,no
0,0,1.21222225,33.45,0,0,3.35,7,0,4,6,no
0,0.010820813,1.51280275,22.6,2.5,0,2.5,3,1,3.25,6,no
0,0,1.2530575,28.15,0,0,2.825,2,1,4.5,6,no
0,0.010820813,1.485977,24.5,2.5,0,2.7,1,0,3.25,6,no
0,0,2.056705,29.55,0,0,2.95,3,1,2.25,6,no
0,0,1.03684125,18.3,0,0,1.85,5,1,5.75,6,no
0,0,0.8139435,20.15,0,0,2.025,3,0,3.5,6,no
0,0.010820813,1.16187225,14.8,2.5,0,1.725,2,1,3.5,6,no
0,0,0.544708,10.9,0,0,1.1,5,1,4.75,6,no
0,0,1.22091375,31.85,0,0,3.175,3,1,6,6,no
0,0,1.59105,25.35,0,0,2.55,1,1,5,6,no
0,0,1.76798875,40.9,0,0,4.075,2,0,5.75,6,no
0,0,1.9354965,39.15,0,0,3.925,1,0,5.25,6,no
0,0,1.42591225,21.4,0,0,2.125,1,1,2,6,no
0,0,2.4121975,19.05,0,0,1.9,4,0,2.75,6,no
0,0,1.22315225,22.9,0,0,2.275,6,0,4.75,6,no
0,0.004386171,1.41262425,23.8,2.5,0,2.6,1,1,2,6,no
0,0,1.4044195,29.6,0,0,2.95,5,1,4,6,no
0,0,1.6370605,26.3,0,0,2.625,3,1,3.75,6,no
0,0,1.4637495,39.95,0,0,4,2,1,8.75,6,no
0,0,0.928265,19,0,0,1.875,5,1,4.5,6,no
0,0,1.40721675,15.3,0,0,1.525,3,1,3.75,6,no
0,0,1.464774,18.35,0,0,1.85,3,1,3,6,no
0,0,1.725663,22.45,0,0,2.25,1,1,3.75,6,no
0,0,1.1606455,18.35,0,0,1.825,7,0,4.25,6,no
0,0,2.1967875,43.4,0,0,4.35,2,0,4.75,6,no
0,0,1.8682085,26.3,0,0,2.625,9,1,2,6,no
0,0,2.0761225,30.6,0,0,3.05,2,1,2,6,no
0,0,1.17398025,15.25,0,0,1.525,1,1,4,6,no
0,0,1.50558175,17.1,0,0,1.75,1,1,3,6,no
0,0,1.4833,19.25,0,0,1.925,2,0,3.25,6,no
0,0,1.20817775,11.65,0,0,1.2,3,1,4,6,no
0,0,0.93195475,18.3,0,0,1.825,9,1,4.25,6,no
0,0,1.74012875,28.75,0,0,2.85,2,0,5,6,no
0,0,1.813482,17.7,0,0,1.8,5,1,3.25,6,no
0,0,0.95192025,18.35,0,0,1.825,6,0,6,6,no
0,0,0.97298,17.65,0,0,1.775,4,1,2,6,no
0,0,1.929655,28.9,0,0,2.875,5,0,4.25,6,no
0,0,1.79806675,21,0,0,2.125,1,1,4.5,6,no
0,0,1.179666,12.4,0,0,1.25,2,1,3.5,6,no
0,0,0.799504725,18.95,0,0,1.9,8,1,6,6,no
0,0,0.565015225,14.05,0,0,1.4,5,0,5.25,6,no
0,0,1.23725075,17.95,0,0,1.775,8,1,3,6,no
0,0,0.60806025,13.15,0,0,1.325,3,1,5.25,6,no
0,0.005219328,1.7611,27.1,2.5,0,2.975,3,1,3.5,6,no
0,0,1.20850675,21.55,0,0,2.175,1,0,3.75,6,no
0,0,1.52308,32.5,0,0,3.25,5,1,3.75,6,no
0,0,0.6222085,12.2,0,0,1.225,1,1,5,6,no
0,0,1.31986625,20.1,0,0,2.025,8,0,2.75,6,no
0,0,2.20944,21.9,0.025,0,2.2,5,1,1.5,6,no
0,0,1.41177225,18.85,0,0,1.875,6,0,2.5,6,no
0,0,1.7144775,29.3,0,0,2.925,2,1,3,6,no
0,0,1.7177525,17.95,0,0,1.775,3,1,3,6,no
0.008260202,0,1.20729275,22.1,0,4.5,2.675,5,0,4,6,no
0,0,1.84865,24.85,0,0,2.5,3,1,3.25,6,no
0,0.015334839,1.284485,35.8,5.075,0.5,4.125,1,1,4,6,no
0,0,1.9090475,32.75,0,0,3.275,2,1,2.5,6,no
0.008260202,0,1.778395,25.95,0,4.5,3.075,1,0,3.75,6,no
0,0.12385653,1.5557925,32.6,2.5,0,3.525,1,1,4.25,6,no
0.008260202,0,1.5627425,24.45,0,4.5,2.925,7,1,4.75,6,no
0,0,1.67565375,18.3,0,0,1.825,6,1,4.5,6,no
0,0,1.611151,30.1,0,0,3,7,1,5.25,6,no
0,0,0.91431825,20.2,0,0,2.025,3,0,6,6,no
0,0,0.85970375,13.25,0,0,1.325,1,1,5.5,6,no
0,0,1.08077225,22.75,0,0,2.275,6,1,2,6,no
0,0,1.287932,17.8,0,0,1.775,2,1,3.75,6,no
0,0,1.14060825,37.1,0,0,3.7,5,0,2.75,6,no
0,0,1.849515,24.95,0,0,2.5,7,1,2.5,6,no
0,0,1.5090995,21.2,0,0,2.125,6,1,3.5,6,no
0,0,1.120766,17.25,0,0,1.725,6,0,2.25,6,no
0,0,1.906585,28.35,0,0,2.825,2,1,6.75,6,no
0,0,1.2894405,8.55,0,0,0.85,3,1,4.25,6,no
0,0,0.713981,25.4,0,0,2.55,4,0,5,6,no
0,0,2.09368,45.8,0,0,4.575,7,1,6.5,6,no
0,0,1.22682275,13.5,0,0,1.35,9,0,2.5,6,no
0,0,0.98500625,12.05,0,0,1.2,1,1,3.75,6,no
0,0,2.30762,34.95,0,0,3.5,6,1,3.75,6,no
0,0,2.0427925,30.85,0,0,3.1,6,0,5.5,6,no
0,0,1.24718525,32.55,0,0,3.25,2,1,4,6,no
0,0,1.96784225,25.1,0,0,2.5,1,0,3,6,no
0,0,1.53947775,33.5,0,0,3.35,2,0,6.25,6,no
0,0,1.28730825,24.3,0,0,2.4,1,0,3.75,6,no
0,0,0.95696675,21.4,0,0,2.15,3,0,5,6,no
0,0,0.989572,19.85,0,0,2,4,1,6,6,no
0,0,1.82457075,25.4,0,0,2.525,8,1,1.75,6,no
0,0,0.73801525,15.8,0,0,1.575,2,0,4.5,6,no
0,0,1.585223,27.4,0,0,2.725,2,0,7,6,no
0,0,1.6074975,21.65,0,0,2.175,1,0,2.25,6,no
0,0,1.433893,34.65,0,0,3.475,1,0,7.5,6,no
0.004639436,0.001866175,1.502613,18,2.5,0.5,2.075,1,0,1.75,6,no
0,0,1.23287175,19,0,0,1.9,2,0,2.75,6,no
0,0,1.08269875,15.65,0,0,1.575,8,0,2.25,6,no
0,0,2.2368795,21.3,0,0,2.15,9,1,2.25,6,no
0,0,1.19388475,16.9,0,0,1.7,6,1,4,6,no
0,0,0.375838,11.9,0,0,1.2,2,0,6.5,6,no
0,0,2.098416667,34.2,0,0,3.4,1,1,1.666666667,6,no
0,0,0.9120655,12.05,0,0,1.225,1,0,3.5,6,no
0,0,1.82371,18.05,0,0,1.825,7,1,2.75,6,no
0,0,1.2240355,9.2,0,0,0.925,1,1,2.25,6,no
0,0,0.386339,9.066666667,0,0,0.9,7,1,6.333333333,6,no
0,0,0.9404535,20.4,0,0,2.05,7,1,7,6,no
0,0,0.57799125,7.85,0,0,0.8,10,1,2.5,6,no
0,0,0.72088275,11.05,0,0,1.1,8,1,4.25,6,no
0,0,1.58158875,26.25,0,0,2.625,2,0,2.5,6,no
0,0,1.21105475,19.8,0,0,2,3,0,3.25,6,no
0,0,3.25079,52.1,0,0,5.2,1,0,4.5,6,no
0,0,1.5641545,26.2,0,0,2.625,9,1,5,6,no
0,0,1.5791565,18,0,0,1.8,6,0,2.25,6,no
0,0,1.1462815,20.9,0,0,2.075,4,1,5.5,6,no
0,0,1.3807375,19.85,0,0,1.975,2,0,2.75,6,no
0,0,1.533519,18.95,0,0,1.9,2,0,3,6,no
0,0,1.419789,19.85,0,0,1.975,2,1,3.25,6,no
0,0,1.46411325,23.35,0,0,2.325,2,1,3.25,6,no
0,0,1.59950875,17.9,0,0,1.775,6,0,1.5,6,no
0,0,1.37941225,21.05,0,0,2.1,2,1,3,6,no
0,0,1.294376,18.1,0,0,1.8,7,0,4,6,no
0,0,0.83786675,19.4,0,0,1.925,3,1,5.75,6,no
0,0,0.82073875,27.65,0,0,2.775,2,0,5.25,6,no
0,0,1.6707385,22.7,0,0,2.275,8,1,3.75,6,no
0,0,0.973092,10.5,0,0,1.025,2,0,1.5,6,no
0,0,1.9520325,20.5,0,0,2.025,1,1,2.25,6,no
0,0,1.48562075,20.95,0,0,2.1,6,0,4.75,6,no
0,0,0.9675675,24.7,0,0,2.5,5,1,6.5,6,no
0,0,0.45407575,12.55,0,0,1.25,9,0,6,6,no
0,0,1.044256,15.65,0,0,1.575,4,0,4,6,no
0,0,1.32417925,13.9,0,0,1.4,4,0,1.75,6,no
0,0,2.001971,26.85,0,0,2.725,10,1,4,6,no
0,0,1.19045375,31.9,0,0,3.2,3,1,4.75,6,no
0,0,0.41815575,14.95,0,0,1.5,6,1,6,6,no
0,0,1.2946975,15.1,0,0,1.5,6,1,3,6,no
0,0,1.0090035,25.8,0,0,2.6,8,1,7,6,no
0,0,0.97484625,16.8,0,0,1.675,5,0,4.75,6,no
0,0,1.12369775,19.3,0,0,1.925,6,1,2,6,no
0,0,1.257775,23.55,0,0,2.35,1,1,2,6,no
0,0.027529245,2.0093775,35.85,2.5,0,3.85,5,0,6.25,6,no
0,0,0.97083125,23.9,0,0,2.375,6,1,5,6,no
0,0,1.09108825,20.1,0.025,0,2,8,0,4.5,6,no
0,0,1.13847425,17.7,0,0,1.75,5,0,3,6,no
0,0,2.56459,33.4,0,0,3.35,2,1,2.5,7,return
0,0,0.822324,12.8,0,0,1.3,2,0,2,7,return
0,0,1.824767667,15.53333333,0,0,1.533333333,7,1,1,7,return
0,0,1.21188875,14,0,0,1.4,5,1,1.75,7,return
0,0,1.65013775,27.3,0,0,2.725,6,0,2.5,7,return
0,0,0.6755655,13.4,0,0,1.325,2,1,4,7,return
0,0,1.3998595,28.85,0,0,2.9,4,1,3,7,return
0,0,0.75465,12.5,0,0,1.25,6,0,3,7,return
0,0,1.31172725,15.75,0,0,1.575,1,1,4.25,7,return
0,0,0.27468725,10.85,0,0,1.1,1,0,5.25,7,return
0,0.010274003,0.6904235,17.5,2.775,0,2.05,2,1,4.5,7,return
0,0,1.2845575,21.7,0,0,2.175,1,1,3,7,return
0,0,1.70708,15.65,0,0,1.55,6,0,3,7,return
0,0,1.806865,32.9,0,0,3.3,1,0,5.25,7,return
0,0,1.769142,28.25,0,0,2.85,8,1,5,7,return
0,0,1.1311465,15.15,0,0,1.5,4,0,4.75,7,return
0,0,0.475636,28.6,0,0,2.9,5,1,2,7,return
0,0,1.44460575,28.2,0,0,2.8,4,0,4.25,7,return
0,0,1.1656385,8.75,0,0,0.875,3,1,2.5,7,return
0,0.00905408,1.528759,20.95,2.5,0,2.35,2,1,1.75,7,return
0,0.008331365,0.932757,10.4,2.5,0,1.3,2,1,2.75,7,return
0,0,1.438639,27.95,0,0,2.825,3,1,2.25,7,return
0,0,1.422451,34.9,0,0,3.5,10,1,5.5,7,return
0,0,0.795007,7.55,0,0,0.75,1,1,5,7,return
0,0,0.7701165,15.15,0,0,1.5,3,0,4.25,7,return
0,0,0.47304625,12.2,0,0,1.2,10,1,4,7,return
0,0,1.789457,38.2,0,0,3.825,4,1,4.5,7,return
0,0,0.9958115,13.35,0,0,1.35,4,1,1.75,7,return
0,0,0.72131475,14.35,0,0,1.45,5,0,5,7,return
0,0,1.39830075,11.3,0,0,1.125,1,1,1.5,7,return
0,0,0.694968,19.05,0,0,1.925,3,1,5.25,7,return
0,0,1.1432875,24.05,0,0,2.4,6,1,3.25,7,return
0,0.00461169,1.425975,15.15,2.5,0,1.75,5,0,2.75,7,return
0,0,1.44230225,30.7,0,1,3.15,3,1,2.75,7,return
0,0.009362088,1.26885025,16.7,2.5,0,1.925,4,1,3.75,7,return
0,0,0.8543475,24.65,0,0,2.45,2,0,4.25,7,return
0,0,1.321323,38.6,0,0,3.85,4,1,11.5,7,return
0,0,0.96415875,16.55,0,0,1.65,7,1,3.25,7,return
0,0,1.6777025,23.8,0,0,2.375,5,0,3.75,7,return
0,0,1.944065,17.4,0,0,1.725,7,0,2,7,return
0,0.137716338,1.0793695,21.2,2.5,0,2.35,3,0,4.25,7,return
0,0,0.62049725,23.15,0,0,2.3,8,0,4.5,7,return
0.048078112,0.009827022,1.4018365,3.6,6.05,9.5,1.9,8,1,1,7,return
0,0,0.959697,24.4,0,0,2.4,1,0,6,7,return
0,0,1.4491845,35.75,0,0,3.575,9,0,7.5,7,return
0,0,1.0689635,25.85,0,0,2.6,1,1,2.5,7,return
0,0,1.5473425,22.8,0,0,2.275,6,0,3.5,7,return
0,0,2.2108275,38.55,0,0,3.85,2,1,4.25,7,return
0,0,0.908622,15.25,0,0,1.525,4,1,4.25,7,return
0,0,0.756877,18.05,0,0,1.8,2,0,5.25,7,return
0,0,1.58809425,30.85,0,0,3.075,3,1,4,7,return
0,0,1.6008355,33.6,0,0,3.35,1,1,6.5,7,return
0,0,1.27311725,14.55,0,0,1.45,10,1,4.25,7,return
0,0,0.590933725,15.3,0,0,1.5,8,1,7,7,return
0.014702491,0,1.661882,12.3,0,1,1.325,2,1,1,7,return
0,0.073243953,1.16886425,22.9,2.5,0,2.525,9,1,3.25,7,return
0,0,0.905981,14.7,0,0,1.475,6,0,4.25,7,return
0,0,0.4808065,8.85,0,0,0.875,4,0,4.75,7,return
0,0,1.47718825,13.7,0,0,1.35,3,0,1.5,7,return
0,0,2.48793,30.85,0,0,3.075,1,1,2.5,7,return
0,0,1.1504285,21.3,0,0,2.125,5,1,3,7,return
0,0.046440415,1.995475,32.9,2.5,0,3.525,5,0,3,7,return
0,0.034591727,1.6991315,19.2,2.5,0,2.175,2,0,2.75,7,return
0,0,0.8062365,22.45,0,0,2.25,9,0,2.5,7,return
0,0,1.04095025,10.3,0,0,1.05,1,1,2.75,7,return
0,0,1.47905125,23.85,0,0,2.375,6,0,3.75,7,return
0,0,2.34227,38.05,0,0,3.8,1,1,4.25,7,return
0,0,1.5167255,23.6,0,0,2.35,2,1,3,7,return
0,0,1.49381075,23.15,0,0,2.325,1,1,6.25,7,return
0,0,2.1502875,33.8,0,0,3.375,3,1,4,7,return
0,0,1.560783,26.7,0,0,2.65,2,0,4.25,7,return
0,0,2.548905,28.9,0,0,2.875,3,0,1.5,7,return
0,0,1.066551,21.35,0,0,2.1,8,0,4.5,7,return
0,0,1.92032075,33.3,0,0,3.325,2,0,4.75,7,return
0,0,1.9192335,25.6,0,0,2.55,8,0,2,7,return
0,0.014065775,2.041493333,14.33333333,3.333333333,0,1.766666667,5,0,1.666666667,7,return
0,0,0.103249,5,0,0,0.5,10,0,6,7,return
0,0,1.136164,11,0,0,1.1,10,1,3,7,return
0,0,1.742128,24.35,0,0,2.45,10,0,2.5,7,return
0,0,2.074325,37.75,0,0,3.75,3,1,4.75,7,return
0,0,2.02904325,40.6,0,0,4.05,7,0,3.75,7,return
0,0,1.207053,19.7,0,0,1.975,1,0,4.25,7,return
0,0,1.351299,32.35,0,0,3.225,6,1,4,7,return
0,0,1.221798,15.25,0,0,1.5,9,0,2.75,7,return
0,0,1.653935,27.75,0,0,2.775,6,0,3.75,7,return
0,0,0.843479,21.65,0,0,2.15,10,1,5.5,7,return
0,0,1.04216025,21.25,0,0,2.1,7,0,4.75,7,return
0,0,1.00987325,24.8,0,0,2.475,9,0,6,7,return
0,0,1.53066875,27.9,0,0,2.8,2,0,2,7,return
0,0,1.057607,28.45,0,0,2.85,1,0,5.5,7,return
0,0,1.356209,20.1,0,0,2.025,2,1,4.5,7,return
0,0,1.5756065,20.3,0,0,2.025,1,0,3,7,return
0,0,1.5086785,43.25,0,0,4.3,10,1,5.75,7,return
0,0,1.82469525,26.8,0,0,2.675,9,0,2,7,return
0,0,0.939013,11.85,0,0,1.175,6,0,3,7,return
0,0,0.65884925,15.25,0,0,1.5,2,1,4,7,return
0,0.009119766,2.265725,20.7,2.5,0.5,2.375,2,0,1.75,7,return
0,0,1.56901,26.75,0,0,2.65,2,0,4,7,return
0,0,2.1066475,33.75,0,0,3.35,2,0,2.75,7,return
0,0,1.23166825,18.95,0,0.5,1.9,3,1,3.5,7,return
0,0,0.728854333,11.73333333,0,0,1.2,3,1,3.666666667,8,return
0,0,0.87192775,14.7,0,0,1.475,10,1,2,8,return
0,0,2.1847625,26.7,0,0,2.675,3,1,2,8,return
0,0,1.78211075,26.7,0,0,2.675,2,1,3.5,8,return
0,0,1.64224,27.45,0,0,2.75,2,1,2.25,8,return
0,0,1.552867,21.2,0,0,2.15,5,1,2,8,return
0,0,1.763695,22.55,0,0,2.275,8,1,3.5,8,return
0,0,1.39424225,23.3,0,0,2.325,4,1,4.25,8,return
0,0,1.192922,30.35,0,0,3.025,3,0,3.5,8,return
0,0.00518119,0.3374905,12.5,2.5,0,1.5,8,1,6.5,8,return
0,0,1.294339,24.95,0,0,2.5,1,0,5.5,8,return
0,0.006842175,1.90711325,25.6,2.5,0,2.8,4,0,1.5,8,return
0,0,1.279834,21,0,0,2.1,9,0,2,8,return
0,0,0.988934,29.8,0,0,3,9,0,9,8,return
0,0,1.565752,44.5,0,0,4.45,1,1,8.5,8,return
0,0,0.789259,21,0,0,2.1,2,1,8,8,return
0,0,1.1966555,23.9,0,0,2.425,8,0,5,8,return
0,0,1.59981725,19.2,0,0,1.925,8,1,5.25,8,return
0,0.099001721,1.21652575,34.1,2.5,0,3.675,7,1,6.75,8,return
0,0,2.3177,26.05,0,0,2.6,9,1,1.75,8,return
0,0,1.021945,19.3,0,0,1.95,6,0,2.75,8,return
0,0,2.329892,33.1,0,0,3.3,6,0,2.75,8,return
0,0,0.94635625,24.75,0,0,2.475,2,0,3.5,8,return
0,0,1.462959,23.95,0,0,2.4,2,0,3.75,8,return
0,0,1.0670185,17.6,0,0,1.775,2,0,4.5,8,return
0,0,1.17796475,28.6,0,0,2.875,5,0,4.25,8,return
0,0,2.0202365,30.5,0,0,3.05,3,1,3.5,8,return
0,0,1.16298525,31.95,0,0,3.2,6,0,5.5,8,return
0,0,1.578539,24.4,0,0,2.45,2,0,2.25,8,return
0,0.010380178,0.97776925,13.3,5,0,1.825,5,0,3.25,8,return
0,0,1.208906,28.55,0,0,2.85,1,0,4,8,return
0,0,1.333462,30.8,0,0,3.066666667,8,0,6.666666667,8,return
0,0,1.97639025,36.9,0,0,3.7,7,1,4,8,return
0,0.008267775,1.44990825,30.45,2.5,0,3.275,5,1,5.5,8,return
0,0,1.95848975,41.85,0,0,4.2,4,1,3,8,return
0,0,1.8176275,23.35,0,0,2.325,9,1,5.5,8,return
0,0,1.7699775,17.8,0,0,1.8,9,1,2.75,8,return
0,0,1.4846145,22.5,0,0,2.25,3,1,2,8,return
0,0.12385653,1.27990825,26.15,2.5,0,2.875,1,0,5,8,return
0,0,1.69909775,23.9,0,0,2.4,10,0,2.25,8,return
0,0,1.834761,31.05,0,0,3.1,4,0,4,8,return
0,0,1.78721925,24.35,0,0,2.425,6,0,2,8,return
0,0,1.94100175,21.75,0,0,2.175,2,1,3.25,8,return
0,0,1.35198225,23.75,0,0,2.375,3,1,6.75,8,return
0,0,2.11774,34.45,0,0,3.45,4,1,3.25,8,return
0,0,1.5425625,19.1,0,0,1.9,8,1,6.5,8,return
0,0,0.705526,24.15,0,0,2.425,8,1,3.75,8,return
0,0,2.060982,41.15,0,0,4.1,9,1,4,8,return
0,0,1.948888,29.15,0,0,2.9,5,0,4.5,8,return
0,0,1.3521305,16.65,0,0,1.675,3,0,5.25,8,return
0,0.005467205,1.47454,27.25,2.5,0,2.975,9,1,5.75,8,return
0,0,1.05892825,12.95,0,0,1.275,4,0,3.75,8,return
0,0,1.448372,18.65,0,0,1.875,7,0,2.25,8,return
0,0,1.74217625,20.75,0,0,2.075,7,0,3,8,return
0,0,1.591136,35.05,0,0,3.525,10,1,4.75,8,return
0,0,1.5600995,36.95,0,0,3.725,4,0,3.5,8,return
0,0,0.745177,13,0,0,1.3,9,1,1.5,8,return
0,0,1.7070815,27.25,0,0,2.725,3,1,4,8,return
0,0,1.95669,28.95,0,0,2.9,9,1,2,8,return
0,0,1.64365,24.95,0,0,2.5,3,0,2,8,return
0,0,0.99180925,20.7,0,0,2.075,3,1,4.75,8,return
0,0,1.24522725,22.8,0,0,2.275,7,1,4.5,8,return
0,0,1.720473,36.1,0,0,3.625,4,0,2.5,8,return
0,0,0.99357475,19.15,0,0,1.925,1,1,3.5,8,return
0,0,0.79010245,13.3,0,0,1.325,9,0,4,8,return
0,0,1.353575,15.95,0,0,1.6,10,0,2.75,8,return
0,0,1.557695,20.15,0,0,2.05,1,1,4.75,8,return
0,0,1.85834425,27.85,0,0,2.775,4,1,2,8,return
0,0.012118353,1.5596675,35.35,2.5,0,3.8,1,1,4.5,9,return
0,0,1.426486667,26.4,0,0,2.633333333,6,1,2,9,return
0,0,1.095733,24.55,0,0,2.475,5,1,6,9,return
0,0,0.70719875,22.35,0.275,0,2.275,1,1,3.5,9,return
0,0,1.3496315,29.2,0,0,2.9,4,1,3.75,9,return
0,0,1.35907825,23.25,0,0,2.3,6,0,3,9,return
0,0,1.36980725,20.15,0,0,2.025,2,0,2.25,9,return
0,0,0.7881905,16.25,0,0,1.65,9,1,4.25,9,return
0,0,2.06919,30.45,0,0,3.05,7,1,2,9,return
0,0,1.08733275,17.75,0,0,1.775,9,1,4.25,9,return
0,0,1.75321925,21.95,0,0,2.2,5,1,3.25,9,return
0,0.00525568,0.9804025,11.65,2.5,0,1.425,3,0,2.75,9,return
0,0.013666984,1.7730225,20.1,5,0,2.5,3,1,4,9,return
0,0,0.68591325,9.75,0.025,0,0.95,3,1,1.75,9,return
0,0,1.8420275,28.7,0,0,2.875,7,0,3.5,9,return
0,0,0.98048075,22.8,0,0,2.275,8,1,6.5,9,return
0,0,0.969656,16.15,0,0,1.625,9,0,3.5,9,return
0,0,1.34942325,23.5,0,0,2.325,7,1,2.25,9,return
0,0,1.38482175,27.8,0,0,2.8,1,0,3.75,9,return
0,0,2.0814875,46.1,0,0,4.6,3,1,5,9,return
0,0,1.21143275,18.95,0,0,1.9,4,1,4.5,9,return
0,0,1.18268275,12.15,0.025,0,1.225,10,0,1.5,9,return
0,0.00461169,1.25954775,16.2,2.5,0,1.85,3,0,3.75,9,return
0,0.006807199,1.3878455,30.2,2.5,0,3.275,4,0,3.5,9,return
0,0,1.5952925,22.9,0,0,2.325,10,0,4,9,return
0,0,1.80452975,20.3,0,0,2.025,4,1,2.75,9,return
0,0,2.01396,44.05,0,0,4.425,1,1,4.5,9,return
0,0,1.2997225,23.55,0,0,2.375,1,0,5.5,9,return
0,0,1.40382525,28.85,0,0,2.875,7,0,3.5,9,return
0,0,0.90216075,17.35,0,0,1.75,9,0,5.75,9,return
0,0,0.68826675,10.3,0,0,1.025,7,0,4.75,9,return
0,0,2.68602975,21.85,0,0,2.175,1,0,1.75,9,return
0,0.14422113,1.09798475,22.1,5,0,2.725,2,1,3.5,9,return
0,0,1.95602,35,0,0,3.5,4,1,5,9,return
0,0,0.92213775,28.25,0,0,2.825,2,1,4.75,9,return
0,0,1.33907775,27.95,0,0,2.775,3,0,4.25,9,return
0,0,1.255447,33.55,0,0,3.375,5,0,6.75,9,return
0,0,1.7424285,32.2,0,0,3.2,2,1,3,9,return
0,0,1.75071325,29.65,0,0,2.975,1,0,3.75,9,return
0,0,2.037035,21.5,0,0,2.15,1,0,2.25,9,return
0,0,1.0832425,16.6,0,0,1.65,2,1,3,9,return
0,0,1.522307,13.35,0,0,1.325,6,1,2,9,return
0,0,1.6722135,16.6,0,0,1.675,4,1,1.5,9,return
0,0.01354342,1.8005315,27.6,2.5,0,3,8,1,2.25,9,return
0,0,1.30892175,26.8,0,0,2.675,8,1,3.75,9,return
0,0,1.29324025,16.35,0,0,1.625,9,1,4,9,return
0,0,1.29766475,25.4,0,0,2.55,1,1,2,9,return
0,0,1.180092,5.8,0,0,0.575,6,0,1.25,9,return
0,0,2.0876125,32.2,0,0,3.25,9,0,2,9,return
0,0.006526821,2.1797175,19.55,2.5,1,2.3,8,1,0.75,9,return
0,0,1.34099,13.6,0,0,1.4,4,1,2,9,return
0,0,0.95234725,19.35,0,0,1.925,8,1,3.5,9,return
0,0,1.2032975,15.65,0,0,1.55,1,1,3.25,9,return
0,0,0.9035815,17.65,0,0,1.775,9,1,4.5,9,return
0,0,1.00972925,12.15,0,0,1.225,3,1,2.5,9,return
0,0,1.24173425,23.6,0,0,2.35,5,1,3,9,return
0,0,0.899733,17.1,0,0,1.7,1,0,4.5,9,return
0,0,1.30833575,19.15,0,0,1.9,9,1,3,9,return
0,0,1.48110625,36.15,0,0,3.625,2,1,7.5,9,return
0,0,1.0912585,14.25,0,0,1.425,10,1,4,9,return
0,0,1.33885825,20.9,0,0,2.075,10,1,2,9,return
0,0,1.525093,18.85,0,0,1.875,4,0,5.25,9,return
0,0,1.15149575,19.8,0,0,2,1,1,3.75,9,return
0,0,2.60697225,32.75,0,0,3.275,2,1,2,9,return
0,0,1.47959125,20.05,0,0,2,2,0,2,9,return
0,0,0.8666095,27.05,0,0,2.7,3,0,4.5,9,return
0,0,1.8275935,25.35,0,0,2.525,9,1,2,9,return
0,0,2.1541675,28.1,0,0,2.8,3,1,2.25,9,return
0,0,1.97236,19,0,0,1.9,2,0,1,9,return
0,0,2.32713725,23.75,0,0,2.375,8,1,1.75,9,return
0,0,1.158185,23.35,0,0,2.35,8,1,3.5,9,return
0,0,1.2165925,17.95,0,0,1.8,9,1,3,9,return
0,0,1.631532,23.55,0,0,2.35,3,1,4,9,return
0,0,0.93953075,12.6,0,0,1.25,9,0,4,9,return
0,0,1.661584,16,0,0,1.6,2,0,2.75,9,return
0,0,1.30812075,21.25,0,0,2.125,8,0,5.5,9,return
0,0,0.3434835,14.15,0,0,1.4,6,0,6,9,return
0,0,1.02849675,18.7,0,0,1.85,9,0,3,9,return
0,0,1.36700075,20.95,0,0,2.1,7,0,2.5,9,return
0,0,2.84098,35.1,0,0,3.5,3,1,2,9,return
0,0,1.8260115,14.1,0,0.5,1.425,9,0,1.25,9,return
0,0,1.67212925,17.45,0,0,1.725,3,1,2.25,9,return
0,0,1.9551125,39.6,0,0,3.95,2,1,6,9,return
0,0,1.08555625,31.9,0.025,0,3.2,9,1,6.5,10,return
0,0,0.680238,14.85,0.025,0,1.5,7,1,5.5,10,return
0,0,1.264216,17.4,0,0,1.75,6,0,2,10,return
0,0.02244739,1.8951425,35.45,5,0,4.05,3,1,4,10,return
0,0,1.25500175,13.75,0.025,0,1.375,1,0,1.75,10,return
0,0,1.28898025,18.7,0,0,1.875,5,0,1.5,10,return
0,0,1.267304,18.7,0,0,1.85,10,1,6,10,return
0,0,1.267549,20.5,0,0,2.05,7,0,2.5,10,return
0,0.014132422,1.72781425,27.65,2.75,0,3.05,7,1,2,10,return
0,0,1.413446,26.25,0,0,2.625,1,0,4.25,10,return
0,0,1.369218,22.35,0,0,2.225,10,0,1.25,10,return
0,0,1.07477325,20.35,0,0,2.025,9,1,3.25,10,return
0,0,1.39446775,13.1,0,0,1.325,4,0,2.5,10,return
0,0,1.18207725,19.35,0,0,1.95,5,0,1.75,10,return
0,0.137716338,1.40567,27.8,2.5,0,3.025,8,1,4.75,10,return
0,0,1.5063875,17.1,0,0,1.7,5,0,2.75,10,return
0,0,2.771215,28,0,0,2.8,6,0,1.25,10,return
0,0,1.55358925,11.1,0,0,1.125,8,0,1.5,10,return
0,0,0.997527,13.1,0,0,1.325,9,0,3.5,10,return
0,0,1.303149,26.8,0,0,2.675,8,1,4,10,return
0,0,1.06021075,19.15,0,0,1.925,9,1,6,10,return
0,0,2.262315,22.35,0,0,2.225,2,0,3.25,10,return
0,0,2.13083,26.35,0,0,2.65,5,0,2.25,10,return
0,0,1.78140975,22.2,0,0,2.225,1,0,4.75,10,return
0,0,1.7503105,22,0,0,2.2,9,0,3.75,10,return
0,0,2.623185,39.1,0.075,0,3.925,1,1,1.5,10,return
0,0,2.266035,37.75,0,0,3.75,9,0,4.25,10,return
0,0,2.0132725,22.8,0,0,2.275,4,0,5.5,10,return
0,0,2.0454725,36.6,0,0,3.65,1,1,4.25,10,return
0,0,1.57471375,14.95,0,0,1.5,1,1,3.25,10,return
0,0,1.929765,31.75,0,0,3.175,5,1,5.25,10,return
0,0,0.72126525,19.85,0,0,1.975,8,1,6.5,10,return
0,0,1.642503,26.2,0,0,2.6,3,1,2.25,10,return
0,0,1.469104,25.55,0,0,2.575,7,0,2.25,10,return
0,0,1.13651125,23.05,0,0,2.3,6,0,3.5,10,return
0,0,1.0875065,34,0,0,3.4,4,1,6.25,10,return
0,0,0.89354475,14.9,0,0,1.525,10,1,4.5,10,return
0,0,0.93437725,19.35,0,0,1.95,9,0,6.75,10,return
0,0,2.40548725,24.05,0,0,2.4,7,0,3.25,10,return
0,0,1.58170725,24.6,0,0,2.45,3,0,4,10,return
0,0,1.653455,29.55,0,0,2.975,4,1,3.5,10,return
0,0,1.0742245,21.75,0,0,2.175,3,1,3.75,10,return
0,0,0.65041575,13.75,0,0,1.375,10,1,4,10,return
0,0,2.62449,26.9,0,0,2.725,2,1,2,10,return
0,0,1.99609,28.8,0,0,2.9,5,1,2.5,10,return
0,0,1.50382975,25.9,0,0,2.6,3,0,2,10,return
0,0,2.128185,32.45,0,0,3.225,6,0,3.75,10,return
0,0,1.72089,47.8,0,0,4.8,8,0,4,11,return
0,0,0.31629025,8.3,0,0,0.825,9,0,5.25,11,return
0,0,1.3860535,23.3,0,0,2.3,2,1,3.5,11,return
0,0,0.73300325,16.05,0,0,1.6,10,0,4.25,11,return
0,0,2.0322055,36.2,0,0,3.65,5,1,4.25,11,return
0,0,1.27471275,12.9,0,0,1.275,1,1,3,11,return
0,0,2.37904275,30.1,0,0,3.025,8,1,2.5,11,return
0,0,1.086465,9.35,0,0,0.95,8,0,3.25,11,return
0,0,1.16860225,33.65,0,0,3.375,2,0,4.5,11,return
0,0,1.7502025,27.8,0,0,2.775,3,0,2.25,11,return
0,0,2.2278445,32.75,0,0,3.275,10,1,3,11,return
0,0,1.0398125,6.8,0,0,0.675,4,0,2,11,return
0,0,1.5983625,37.5,0,0,3.775,9,0,4.5,11,return
0,0,0.648384,19.8,0,0,1.975,3,1,3.75,11,return
0,0,2.27198,34.55,0,0,3.425,9,1,2.75,11,return
0,0,1.01833025,17.95,0,0,1.775,8,0,6.25,11,return
0,0,1.8739225,20.6,0.075,0,2.1,1,0,2,11,return
0,0,1.5665925,12,0,0,1.2,10,1,3,11,return
0,0,1.9585025,30.55,0,0,3.05,3,0,2.25,11,return
0,0,2.151628,24.75,0,0,2.475,3,1,3.5,11,return
0,0,1.41418325,18.5,0,0,1.85,2,0,5.25,11,return
0,0,1.49826225,11.45,0,0,1.125,10,1,3,11,return
0,0,1.4000635,20.4,1,0,2.125,5,1,3,11,return
0,0,0.91004975,14.3,0,0,1.425,1,0,2.5,11,return
0,0,1.647572,22.35,0,0,2.25,6,0,3.75,11,return
0,0,1.5964225,35.25,0,0,3.525,7,0,6.25,11,return
0,0,1.752135,38.5,0,0,3.85,5,0,8.25,11,return
0,0,3.187385,53.75,0,0,5.375,2,1,4.5,11,return
0,0,1.729515,28.7,0,0,2.85,9,0,5,11,return
0,0,1.11835375,26.25,0,0,2.65,9,0,2.5,11,return
0,0,1.80944125,25.65,0,0,2.575,9,1,5.25,11,return
0,0,0.6356205,11.8,0,0,1.175,10,0,3.5,11,return
0,0.012118353,1.87644,41.8,2.5,0,4.45,5,0,4.5,12,return
0,0,0.86360425,31.35,0,0,3.125,6,1,4,12,return
0,0,0.9463495,13.2,0,0,1.325,3,0,4.5,12,return
0,0,2.0513,27.65,0,0,2.75,8,1,2,12,return
0,0,1.47110125,24.75,0,0,2.475,10,1,2,12,return
0,0.013666984,1.8557975,12.25,5,0,1.725,4,1,1,13,return
0,0,1.1539205,23.4,0,0,2.35,1,0,2.25,14,return
0,0,1.174826,35.15,0,0,3.525,3,1,5.75,14,return
0,0,1.16693825,19.35,0,0,1.95,3,0,3.5,15,return
0,0,1.02398775,9.95,0,0,0.975,5,1,2.75,15,return
0,0,1.44119325,18.9,0,0,1.9,10,1,3.5,15,return
0,0,1.1718795,22.75,0,0,2.275,2,1,4.25,15,return
0,0.027529245,2.0987775,31.35,2.5,0,3.375,3,1,5,15,return
0,0,1.66883125,19.6,0,0,1.975,9,0,3.75,16,return
0,0,0.977316,21.8,0,0,2.2,7,0,7,16,return
